block_type,grid,variant,seed,micro_batch,accum_steps,epoch,lr,lr_scale,train_loss,train_acc,test_loss,test_acc,train_sec,eval_sec,epoch_wall_sec
gru,32,row,0,128,1,1,0.0002,0.2,2.0317303388546675,0.24427083333333333,1.9403270263671875,0.2801,14.80001593400084,1.443023458996322,16.243041193010868
gru,32,row,0,128,1,2,0.0004,0.4,1.8386816905095027,0.32243589743589746,1.7260667236328124,0.363,14.740410717990017,1.357655629995861,16.098068047998822
gru,32,row,0,128,1,3,0.0006,0.6,1.6496536328242375,0.38958333333333334,1.5676833740234375,0.4133,14.463049013997079,1.3450740650005173,15.808125679002842
gru,32,row,0,128,1,4,0.0008,0.8,1.5066672850877811,0.4506610576923077,1.3963375122070312,0.487,14.190278547001071,1.3373555940052029,15.5276361409924
gru,32,row,0,128,1,5,0.001,1.0,1.3718870221040187,0.5026041666666666,1.318989665222168,0.5267,14.53202893800335,1.6513610730034998,16.183393611005158
gru,32,row,0,128,1,6,0.000999726628670463,0.999726628670463,1.2550752804829524,0.5501001602564103,1.162554998779297,0.5832,14.849854090993176,1.5152882459951798,16.365145736999693
gru,32,row,0,128,1,7,0.0009989068136093873,0.9989068136093873,1.1539562341494438,0.5871995192307692,1.0637589195251465,0.6219,14.450896345006186,1.3947248559998116,15.845627700997284
gru,32,row,0,128,1,8,0.0009975414512725057,0.9975414512725057,1.0861647925315758,0.6116586538461538,1.0274893524169921,0.6358,14.136167043005116,1.3797854500007816,15.515955893002683
gru,32,row,0,128,1,9,0.0009956320346634876,0.9956320346634876,1.026791624380992,0.6332732371794871,0.98861019821167,0.6528,14.103993348006043,1.3249840929929633,15.428980341006536
gru,32,row,0,128,1,10,0.0009931806517013613,0.9931806517013612,0.9843330346621,0.6476161858974359,0.9448615257263183,0.6659,14.291680647991598,1.4222217530041235,15.713906600998598
gru,32,row,0,128,1,11,0.0009901899829374047,0.9901899829374047,0.9508287435922868,0.6613782051282051,0.9149824546813965,0.6734,14.478095135011245,1.3709171590016922,15.849015394007438
gru,32,row,0,128,1,12,0.000986663298624003,0.9866632986240029,0.91654794720503,0.6752203525641025,0.8713364707946777,0.695,14.721619856005418,1.4410540709941415,16.162679426997784
gru,32,row,0,128,1,13,0.0009826044551386743,0.9826044551386743,0.881776127142784,0.6864383012820513,0.8720683685302735,0.6987,14.183725992988911,1.3883437810000032,15.572073673989507
gru,32,row,0,128,1,14,0.0009780178907671788,0.9780178907671788,0.8539016430194561,0.6978365384615385,0.8068941398620606,0.7166,14.189607751992298,1.3393892899912316,15.529000941998675
gru,32,row,0,128,1,15,0.0009729086208503173,0.9729086208503173,0.834371602229583,0.7054887820512821,0.7924059326171875,0.7252,14.062704487994779,1.3421473979979055,15.404855786007829
gru,32,row,0,128,1,16,0.0009672822322997304,0.9672822322997304,0.8120383475071344,0.7127003205128205,0.7979714080810547,0.7181,14.176815662998706,1.3573824350023642,15.534204098003102
gru,32,row,0,128,1,17,0.0009611448774886924,0.9611448774886924,0.7953907113808852,0.7219551282051282,0.787932553100586,0.7226,14.565017585991882,1.4503687510004966,16.015391237000586
gru,32,row,0,128,1,18,0.0009545032675245813,0.9545032675245813,0.7744711761291211,0.7294070512820513,0.7767102210998535,0.7304,14.35953987800167,1.3815772980015026,15.74112447600055
gru,32,row,0,128,1,19,0.0009473646649103818,0.9473646649103817,0.7554800370564827,0.7360376602564103,0.7721050056457519,0.7359,14.281685282010585,1.4672999250033172,15.748989407002227
gru,32,row,0,128,1,20,0.0009397368756032445,0.9397368756032445,0.7472290141460223,0.7395833333333334,0.7428943027496338,0.7419,14.3609493690019,1.5147961110051256,15.875750780003727
gru,32,row,0,128,1,21,0.000931628240478787,0.931628240478787,0.7329530463768885,0.7447916666666666,0.744457823562622,0.7375,14.665205857992987,1.412977806001436,16.078188364001107
gru,32,row,0,128,1,22,0.0009230476262104677,0.9230476262104677,0.7236631188637171,0.7481570512820512,0.729900658416748,0.7449,14.490580773010151,1.3782089080050355,15.868795681002666
gru,32,row,0,128,1,23,0.00091400441557401,0.91400441557401,0.7089736171257801,0.7538862179487179,0.728802603149414,0.7489,14.664875111004221,1.478626993004582,16.143506603999413
gru,32,row,0,128,1,24,0.0009045084971874737,0.9045084971874737,0.6985726283146785,0.7562099358974359,0.7182311058044434,0.7507,14.626144289999502,1.358029697992606,15.984179787992616
gru,32,row,0,128,1,25,0.0008945702546981969,0.8945702546981968,0.6872326866174355,0.7619791666666667,0.7006621604919434,0.7583,15.014246762002585,1.4832984319946263,16.49755109399848
gru,32,row,0,128,1,26,0.0008842005554284296,0.8842005554284296,0.6761104663213094,0.7673677884615384,0.7463817924499512,0.7406,14.781234875001246,1.5646117169962963,16.345851392004988
gru,32,row,0,128,1,27,0.000873410738492077,0.873410738492077,0.6678016523520152,0.7676883012820512,0.7646850526809692,0.7353,14.76717558199016,1.4631174620008096,16.230299243994523
gru,32,row,0,128,1,28,0.0008622126023955446,0.8622126023955445,0.6604497019297038,0.7697716346153847,0.7018528087615967,0.7572,14.814477641004487,1.4735006219998468,16.287983463000273
gru,32,row,0,128,1,29,0.0008506183921362443,0.8506183921362442,0.6503787273779894,0.7745392628205128,0.6836668085098266,0.7619,14.838027942998451,1.443951733992435,16.281985377005185
gru,32,row,0,128,1,30,0.0008386407858128706,0.8386407858128706,0.6419003786949011,0.7756209935897436,0.6603997630119324,0.7679,16.21990558100515,2.15548211899295,18.375398599993787
gru,32,row,0,128,1,31,0.0008262928807620843,0.8262928807620843,0.6345521653309847,0.7768429487179487,0.6860657382965087,0.7653,15.747544892990845,1.5538490129983984,17.301401505988906
gru,32,row,0,128,1,32,0.0008135881792367685,0.8135881792367685,0.628581819549585,0.7816506410256411,0.6736837646484375,0.767,15.450905024001258,1.623036848002812,17.073950571997557
gru,32,row,0,128,1,33,0.0008005405736415125,0.8005405736415125,0.6186764616996814,0.7829927884615384,0.6592273914337158,0.7702,15.704839684010949,2.0327669010002865,17.7376150850032
gru,32,row,0,128,1,34,0.0007871643313414718,0.7871643313414718,0.6154372142675596,0.7858373397435897,0.6658838115692138,0.7706,15.509534859011183,1.635357393999584,17.144898053011275
gru,32,row,0,128,1,35,0.0007734740790612135,0.7734740790612136,0.6106939075084833,0.7863181089743589,0.6525321556091308,0.7756,15.46761867699388,1.6476396419893717,17.115266818989767
gru,32,row,0,128,1,36,0.0007594847868906076,0.7594847868906076,0.6043673169154388,0.7894030448717949,0.6554223240852356,0.7716,15.273316607010202,1.5515390500077046,16.82486425701063
gru,32,row,0,128,1,37,0.0007452117519152541,0.7452117519152541,0.5959454707610301,0.7944711538461539,0.6809354089736939,0.7665,15.54859137700987,1.6316208159987582,17.180218492998392
gru,32,row,0,128,1,38,0.000730670581489344,0.7306705814893439,0.5922161577603756,0.7942708333333334,0.6637794445037842,0.7716,15.166327572005684,1.4645069449907169,16.630840817000717
gru,32,row,0,128,1,39,0.0007158771761692464,0.7158771761692464,0.5862268978968644,0.7976161858974359,0.6558537780761718,0.7753,15.504777891997946,1.4706144149968168,16.975399806993664
gru,32,row,0,128,1,40,0.0007008477123264848,0.7008477123264848,0.5800946668936656,0.7983173076923077,0.6551333150863647,0.775,15.09099307798897,1.3818807839998044,16.47287946198776
gru,32,row,0,128,1,41,0.0006855986244591103,0.6855986244591104,0.5806406015004867,0.7987179487179488,0.6458995290756225,0.7789,14.345731656998396,1.3948395660117967,15.740576522992342
gru,32,row,0,128,1,42,0.0006701465872208216,0.6701465872208215,0.5712577712077361,0.8007612179487179,0.648151535987854,0.7755,14.471979131994885,1.422840068989899,15.89482620099443
gru,32,row,0,128,1,43,0.0006545084971874737,0.6545084971874737,0.5644934177398682,0.8039663461538461,0.6567722045898438,0.7771,14.309404416999314,1.3643399389984552,15.673749555993709
gru,32,row,0,128,1,44,0.0006387014543809223,0.6387014543809223,0.561597249446771,0.8057291666666667,0.6195456604957581,0.7859,14.233261305998894,1.410325949997059,15.643593856002553
gru,32,row,0,128,1,45,0.0006227427435703996,0.6227427435703996,0.554103313653897,0.8073317307692308,0.6428524862289429,0.7799,14.46842065799865,1.387117007994675,15.855543066005339
gru,32,row,0,128,1,46,0.0006066498153718734,0.6066498153718735,0.5537674529430193,0.8068309294871795,0.6624864332199096,0.7761,14.405962208998972,1.3787497149896808,15.784717324000667
gru,32,row,0,128,1,47,0.000590440267166055,0.590440267166055,0.5478036187398128,0.8108974358974359,0.6308341625213623,0.7823,14.272979247994954,1.3584265559911728,15.631411904003471
gru,32,row,0,128,1,48,0.000574131823855921,0.574131823855921,0.5455713297312076,0.8100160256410256,0.628301064491272,0.785,14.424168205005117,1.3692783279984724,15.793450932993437
gru,32,row,0,128,1,49,0.0005577423184847932,0.5577423184847932,0.5375122077189959,0.8137219551282051,0.6776151968955993,0.772,14.498097251998843,1.3822365570085822,15.880338208997273
gru,32,row,0,128,1,50,0.0005412896727361663,0.5412896727361662,0.5320153001791391,0.8161458333333333,0.6363819276809692,0.7886,15.21743032100494,1.7829699579888256,17.00040577900654
gru,32,row,0,128,1,51,0.0005247918773366112,0.5247918773366111,0.5335617905243849,0.8155448717948718,0.6287830821990967,0.7882,16.92410269199172,1.8083055239985697,18.7324140159908
gru,32,row,0,128,1,52,0.0005082669723831793,0.5082669723831793,0.5312488519228422,0.8165865384615385,0.614006189441681,0.7915,18.42054520700185,1.79472344199894,20.21527304900519
gru,32,row,0,128,1,53,0.0004917330276168208,0.49173302761682075,0.5240883297645129,0.8178886217948718,0.6063200902938842,0.7955,18.134302860999014,1.91365533300268,20.047965493999072
gru,32,row,0,128,1,54,0.0004752081226633888,0.4752081226633888,0.5186905941902062,0.8178084935897436,0.6142698363304138,0.7903,16.455971160001354,2.1219280040095327,18.57791046400962
gru,32,row,0,128,1,55,0.0004587103272638339,0.4587103272638339,0.5164019022232447,0.8218149038461539,0.6055205924510956,0.7907,16.49014305700257,1.7946397850028006,18.284790042001987
gru,32,row,0,128,1,56,0.00044225768151520694,0.44225768151520695,0.5143001544934053,0.8224358974358974,0.6185207692146302,0.7901,16.34333390199754,1.7827889649925055,18.12613146699732
gru,32,row,0,128,1,57,0.00042586817614407896,0.42586817614407896,0.5115139818344361,0.8219751602564103,0.601694360256195,0.7954,23.384707878009067,2.0036372390022734,25.388352817011764
gru,32,row,0,128,1,58,0.0004095597328339452,0.4095597328339452,0.5029493914964872,0.825400641025641,0.6109904779434204,0.7919,17.62184290100413,1.9672868039924651,19.589134905007086
gru,32,row,0,128,1,59,0.00039335018462812664,0.39335018462812665,0.49916345584086885,0.8271834935897436,0.5947939052581787,0.7972,16.77187552599935,2.102028973007691,18.87391789899266
gru,32,row,0,128,1,60,0.00037725725642960046,0.37725725642960045,0.49891262482374144,0.8272636217948718,0.6202431697845459,0.794,16.38967691300786,1.8269440310104983,18.21662774399738
gru,32,row,0,128,1,61,0.00036129854561907783,0.3612985456190778,0.49462531965512496,0.8294871794871795,0.599221498966217,0.7951,23.736059350005235,1.5742981160001364,25.310372766005457
gru,32,row,0,128,1,62,0.00034549150281252633,0.34549150281252633,0.4920873202574559,0.8283453525641026,0.6030829716205597,0.7997,14.936764293001033,1.4211650060024112,16.357935199004714
gru,32,row,0,128,1,63,0.0003298534127791785,0.32985341277917846,0.4855326828284141,0.8321514423076923,0.6130330707550049,0.7932,14.626411787001416,1.4390753659972688,16.06549275299767
gru,32,row,0,128,1,64,0.0003144013755408895,0.31440137554088954,0.4827503416018608,0.8323517628205128,0.5838282839775085,0.8027,14.530121456002234,1.359170481999172,15.889297938003438
gru,32,row,0,128,1,65,0.0002991522876735154,0.29915228767351537,0.47915023756332886,0.832792467948718,0.5923184345245361,0.7976,14.212411527012591,1.427575109002646,15.639996236001025
gru,32,row,0,128,1,66,0.0002841228238307536,0.2841228238307536,0.4768917168562229,0.8357371794871795,0.591561705493927,0.8012,14.659088656000677,1.371126619997085,16.0302208760113
gru,32,row,0,128,1,67,0.00026932941851065615,0.26932941851065617,0.4733646132242985,0.8372796474358974,0.5924082919597625,0.7995,14.193320846999995,1.3553408199950354,15.548667067007045
gru,32,row,0,128,1,68,0.0002547882480847461,0.2547882480847461,0.47371397836086077,0.8365785256410256,0.5890158475875854,0.7995,14.69088975500199,1.4221600079908967,16.113054663001094
gru,32,row,0,128,1,69,0.00024051521310939256,0.24051521310939256,0.46557106383335894,0.8400040064102564,0.5954079107284546,0.8028,14.292611035998561,1.3592280379962176,15.651845174012124
gru,32,row,0,128,1,70,0.00022652592093878665,0.22652592093878665,0.4644221569483097,0.8381610576923076,0.5930503682136535,0.8049,14.745875359003549,1.3573243790015113,16.103205338004045
gru,32,row,0,128,1,71,0.0002128356686585282,0.2128356686585282,0.4575199707960471,0.8427283653846154,0.5882497009277343,0.8028,14.317704246001085,1.3577920159877976,15.675501762001659
gru,32,row,0,128,1,72,0.00019945942635848747,0.19945942635848746,0.45527131641522434,0.8399238782051283,0.5777605056762696,0.8036,14.46610959401005,1.3691892670030938,15.8353046609991
gru,32,row,0,128,1,73,0.00018641182076323148,0.18641182076323148,0.45355762663560034,0.8422475961538461,0.5824675632476807,0.8065,14.437997451997944,1.3607262450095732,15.798728997004218
gru,32,row,0,128,1,74,0.00017370711923791565,0.17370711923791565,0.4476276176862228,0.844931891025641,0.5727611826896668,0.8095,14.217143490997842,1.355200663994765,15.572353055002168
gru,32,row,0,128,1,75,0.00016135921418712956,0.16135921418712956,0.4481747715136944,0.8461137820512821,0.5783152354240417,0.8047,14.536010759009514,1.4795790589996614,16.015596518001985
gru,32,row,0,128,1,76,0.00014938160786375572,0.1493816078637557,0.4468014209698408,0.8455729166666667,0.5749937067985534,0.8063,16.3836732669879,1.74283926699718,18.126520433987025
gru,32,row,0,128,1,77,0.00013778739760445552,0.13778739760445552,0.4434844683760252,0.8471153846153846,0.5705025666236877,0.8079,17.67823610700725,2.093355719000101,19.771600424995995
gru,32,row,0,128,1,78,0.0001265892615079232,0.1265892615079232,0.4438872246023936,0.8469350961538461,0.5800089510917663,0.8072,17.9319615939894,1.8693364149949048,19.801306108987774
gru,32,row,0,128,1,79,0.0001157994445715706,0.1157994445715706,0.43828461819734327,0.8490384615384615,0.5807099459648132,0.8057,16.5036892049975,1.8453896810096921,18.349086485992302
gru,32,row,0,128,1,80,0.00010542974530180327,0.10542974530180327,0.435347984234492,0.8505608974358975,0.5772161138534546,0.8037,16.286410936008906,1.7974502580036642,18.083869694004534
gru,32,row,0,128,1,81,9.549150281252633e-05,0.09549150281252633,0.435730133492213,0.8494791666666667,0.5747172284126282,0.8065,16.25574784699711,1.7995672120014206,18.05532255899743
gru,32,row,0,128,1,82,8.599558442598998e-05,0.08599558442598998,0.43147983570129445,0.8497596153846154,0.5810030714035034,0.8055,23.298243747005472,2.0314431309961947,25.329702478004037
gru,32,row,0,128,1,83,7.695237378953224e-05,0.07695237378953224,0.43070791501265304,0.85,0.5680335384368896,0.8096,16.8073685690033,1.7964835590100847,18.603858827991644
gru,32,row,0,128,1,84,6.837175952121305e-05,0.06837175952121305,0.4272622232253735,0.8510817307692308,0.5717460851669312,0.8082,16.420075693997205,1.7891128369956277,18.209196031006286
gru,32,row,0,128,1,85,6.026312439675552e-05,0.06026312439675552,0.42483169092581824,0.85390625,0.5705046188354492,0.8097,16.26142249700206,1.9724076290003723,18.233838825995917
gru,32,row,0,128,1,86,5.2635335089618264e-05,0.05263533508961826,0.4231506261688012,0.8540264423076923,0.5722245062828064,0.8093,22.73595116598881,2.4810314789938275,25.216993744994397
gru,32,row,0,128,1,87,4.5496732475418745e-05,0.045496732475418744,0.42065544716822795,0.8556089743589743,0.5717186318397522,0.81,17.65692384900467,1.8743822749966057,19.53132712400111
gru,32,row,0,128,1,88,3.885512251130763e-05,0.03885512251130763,0.4225599283591295,0.853886217948718,0.5695479291915894,0.8103,17.26611093399697,2.0761095479974756,19.34224808200088
gru,32,row,0,128,1,89,3.271776770026963e-05,0.03271776770026963,0.4180773657101851,0.8551682692307693,0.5677666226387024,0.8111,16.99189786000352,1.9039012610010104,18.89580962099717
gru,32,row,0,128,1,90,2.709137914968268e-05,0.02709137914968268,0.4188619552132411,0.8554086538461538,0.570222123336792,0.8093,17.182812922997982,1.7410914520005463,18.923912074998952
gru,32,row,0,128,1,91,2.198210923282118e-05,0.02198210923282118,0.4162447729936013,0.8560496794871795,0.5697272199630737,0.8101,16.965001264004968,1.9247201950056478,18.88973275900935
gru,32,row,0,128,1,92,1.7395544861325717e-05,0.017395544861325718,0.42002192773880104,0.8541266025641026,0.5680160480499268,0.81,16.923928600008367,1.9010091180098243,18.82494681800017
gru,32,row,0,128,1,93,1.3336701375997129e-05,0.013336701375997129,0.414817442267369,0.8575921474358974,0.5674567578315735,0.8126,16.919646754002315,1.9635003630100982,18.88315291699837
gru,32,row,0,128,1,94,9.810017062595322e-06,0.009810017062595322,0.4170069670830017,0.8551482371794872,0.5668334085464477,0.8108,17.652532754989807,1.941282230996876,19.593832385988208
gru,32,row,0,128,1,95,6.819348298638839e-06,0.006819348298638839,0.41512807531234547,0.8556490384615385,0.5668664394378662,0.8116,17.828533954001614,1.9908404540037736,19.819384507994982
gru,32,row,0,128,1,96,4.367965336512402e-06,0.004367965336512403,0.41332025310167897,0.8584334935897436,0.5669091750144959,0.8121,17.91325981299451,2.050745825996273,19.964013238000916
gru,32,row,0,128,1,97,2.458548727494292e-06,0.002458548727494292,0.41413456453726843,0.8589543269230769,0.566579070186615,0.8111,17.974676746991463,2.0416120890004095,20.016300735995173
gru,32,row,0,128,1,98,1.0931863906127326e-06,0.0010931863906127326,0.41426401207080255,0.8567908653846154,0.5661862837791443,0.8113,19.505685340991477,3.451162719997228,22.956863561004866
gru,32,row,0,128,1,99,2.733713295369755e-07,0.0002733713295369755,0.41218129148085914,0.8572115384615384,0.5662836668014526,0.8115,19.946044996002456,1.8820917260018177,21.82814692199463
gru,32,row,0,128,1,100,0.0,0.0,0.4113752210751558,0.8585136217948718,0.5662836668014526,0.8115,18.529840649003745,2.044274272004259,20.57412522099912
gru,32,shuffle_row,0,128,1,1,0.0002,0.2,2.017784617497371,0.25026041666666665,1.93066884765625,0.2858,18.246372018009424,1.9370804429927375,20.18346266100707
gru,32,shuffle_row,0,128,1,2,0.0004,0.4,1.8319364743354993,0.3248397435897436,1.7087137084960937,0.3678,18.066373251000186,1.9611050130042713,20.02748526399955
gru,32,shuffle_row,0,128,1,3,0.0006,0.6,1.6593639055887859,0.390625,1.5574162170410155,0.4381,18.15428868199524,2.0235329260030994,20.177832208006294
gru,32,shuffle_row,0,128,1,4,0.0008,0.8,1.5324082790276943,0.43754006410256413,1.462402520751953,0.4679,18.52224653099256,2.027151516987942,20.54940734799311
gru,32,shuffle_row,0,128,1,5,0.001,1.0,1.4374519317578047,0.47275641025641024,1.4171592987060546,0.4891,18.58399914999609,2.0480123739980627,20.632022823992884
gru,32,shuffle_row,0,128,1,6,0.000999726628670463,0.999726628670463,1.3587464986703335,0.5028245192307692,1.2997524124145508,0.5288,18.661635330005083,3.863985225005308,22.525636555001256
gru,32,shuffle_row,0,128,1,7,0.0009989068136093873,0.9989068136093873,1.2917438329794468,0.5282852564102564,1.233613737487793,0.5533,19.076074673997937,2.303255630991771,21.37933710499783
gru,32,shuffle_row,0,128,1,8,0.0009975414512725057,0.9975414512725057,1.2438047525210258,0.5496995192307692,1.1761481704711914,0.5675,18.967620035007712,2.2178845750022447,21.18551371000649
gru,32,shuffle_row,0,128,1,9,0.0009956320346634876,0.9956320346634876,1.1910235068736932,0.5693509615384615,1.1388672203063965,0.5933,18.739002755988622,2.0090947059943574,20.748103461999563
gru,32,shuffle_row,0,128,1,10,0.0009931806517013613,0.9931806517013612,1.160963839903856,0.5800080128205128,1.1122313987731933,0.5977,19.009985349999624,2.020027435995871,21.030019585989066
gru,32,shuffle_row,0,128,1,11,0.0009901899829374047,0.9901899829374047,1.1202892003915248,0.5981370192307692,1.0775173042297364,0.6144,18.958162271999754,2.2170251149946125,21.175196287003928
gru,32,shuffle_row,0,128,1,12,0.000986663298624003,0.9866632986240029,1.0962374404454842,0.6053685897435898,1.0542975387573241,0.6213,19.27732676200685,2.188171310990583,21.465510473004542
gru,32,shuffle_row,0,128,1,13,0.0009826044551386743,0.9826044551386743,1.0701063321186945,0.6148237179487179,1.034865309906006,0.6279,18.919922576998943,1.9996747039986076,20.91960388100415
gru,32,shuffle_row,0,128,1,14,0.0009780178907671788,0.9780178907671788,1.0485135726439647,0.6224559294871795,0.9939997726440429,0.6461,19.207978781996644,2.065376953993109,21.27337013599754
gru,32,shuffle_row,0,128,1,15,0.0009729086208503173,0.9729086208503173,1.03029256157386,0.6289663461538462,1.0146815910339355,0.6365,19.034450298990123,1.9617935029964428,20.996249801988597
gru,32,shuffle_row,0,128,1,16,0.0009672822322997304,0.9672822322997304,1.0206572832205356,0.6352964743589744,1.024753784942627,0.6314,18.86488653899869,2.192392947006738,21.057291086006444
gru,32,shuffle_row,0,128,1,17,0.0009611448774886924,0.9611448774886924,1.007663440093016,0.6402844551282051,0.973051717376709,0.6526,19.33020489999035,2.330041473993333,21.660280072988826
gru,32,shuffle_row,0,128,1,18,0.0009545032675245813,0.9545032675245813,0.9902388609372652,0.6458133012820513,0.9785734184265137,0.6458,19.2511454350024,2.177756983001018,21.42892041799496
gru,32,shuffle_row,0,128,1,19,0.0009473646649103818,0.9473646649103817,0.9814850197388576,0.650020032051282,0.9705661346435547,0.6491,19.687178936001146,2.2167207449965645,21.90392258099746
gru,32,shuffle_row,0,128,1,20,0.0009397368756032445,0.9397368756032445,0.965256759753594,0.6551883012820513,0.9490983657836914,0.6567,19.29128973299521,2.3251171209994936,21.616450654008077
gru,32,shuffle_row,0,128,1,21,0.000931628240478787,0.931628240478787,0.9530011721146412,0.6594350961538461,0.9705296661376953,0.6601,19.32360069701099,2.485917754995171,21.809527952005737
gru,32,shuffle_row,0,128,1,22,0.0009230476262104677,0.9230476262104677,0.9452792046925961,0.6617788461538462,0.941426863861084,0.6648,19.41051593500015,2.199675900003058,21.610203535004985
gru,32,shuffle_row,0,128,1,23,0.00091400441557401,0.91400441557401,0.93930308115788,0.663681891025641,0.8983239570617676,0.6799,19.943778587010456,2.488511292001931,22.43229607900139
gru,32,shuffle_row,0,128,1,24,0.0009045084971874737,0.9045084971874737,0.9261590679486592,0.6698717948717948,0.9283175415039062,0.6663,19.599162411992438,2.577188107999973,22.176360219993512
gru,32,shuffle_row,0,128,1,25,0.0008945702546981969,0.8945702546981968,0.9152720131935217,0.6721955128205128,0.9245059396743774,0.6723,19.773441709010513,2.1729155110078864,21.946363720009685
gru,32,shuffle_row,0,128,1,26,0.0008842005554284296,0.8842005554284296,0.907279341801619,0.6734975961538462,0.9382059303283692,0.6641,19.90146921899577,2.7130923540098593,22.61457577299734
gru,32,shuffle_row,0,128,1,27,0.000873410738492077,0.873410738492077,0.9007738827130733,0.6758814102564102,0.9206162208557129,0.674,20.937773309997283,2.518947978998767,23.45673608899233
gru,32,shuffle_row,0,128,1,28,0.0008622126023955446,0.8622126023955445,0.8942906744969197,0.6802283653846154,0.9039613372802734,0.6826,21.12364242199692,2.691910055000335,23.81556237699988
gru,32,shuffle_row,0,128,1,29,0.0008506183921362443,0.8506183921362442,0.8855170824588874,0.6845953525641025,0.9118662948608398,0.6786,20.92833724200318,2.727491543002543,23.655836285004625
gru,32,shuffle_row,0,128,1,30,0.0008386407858128706,0.8386407858128706,0.8824491393871796,0.6824719551282051,0.8746454864501954,0.6883,22.211049149002065,2.914105652991566,25.12516210200556
gru,32,shuffle_row,0,128,1,31,0.0008262928807620843,0.8262928807620843,0.8751330173932589,0.6868189102564103,0.8994593324661255,0.6799,23.39797483899747,3.1362065299908863,26.53419406899775
gru,32,shuffle_row,0,128,1,32,0.0008135881792367685,0.8135881792367685,0.8670661917099586,0.6904447115384615,0.8951067111968994,0.6835,20.82881474000169,2.097620900007314,22.9264444399887
gru,32,shuffle_row,0,128,1,33,0.0008005405736415125,0.8005405736415125,0.860533804159898,0.6928084935897436,0.8659018096923828,0.6894,20.009075836991542,4.4453294959967025,24.45441533299163
gru,32,shuffle_row,0,128,1,34,0.0007871643313414718,0.7871643313414718,0.853994213617765,0.6935897435897436,0.8554315288543701,0.6988,21.203263485003845,2.289127902011387,23.492396986999665
gru,32,shuffle_row,0,128,1,35,0.0007734740790612135,0.7734740790612136,0.8518045024994092,0.6958533653846154,0.8605871688842773,0.6926,20.581081238997285,2.345308877003845,22.926396516006207
gru,32,shuffle_row,0,128,1,36,0.0007594847868906076,0.7594847868906076,0.8436921203747774,0.6986578525641025,0.8948121565818786,0.6823,20.81197336500918,2.3074673270020867,23.119446692013298
gru,32,shuffle_row,0,128,1,37,0.0007452117519152541,0.7452117519152541,0.8416277245069161,0.6994791666666667,0.8482811361312866,0.6975,20.92804119399807,2.3666446860006545,23.294693379997625
gru,32,shuffle_row,0,128,1,38,0.000730670581489344,0.7306705814893439,0.8319015619082328,0.702744391025641,0.8665416343688965,0.6939,20.833820633008145,2.5216245149931638,23.355451548006386
gru,32,shuffle_row,0,128,1,39,0.0007158771761692464,0.7158771761692464,0.8270617020435822,0.7057291666666666,0.8509160522460938,0.6985,25.179509031993803,5.603534374007722,30.783056906002457
gru,32,shuffle_row,0,128,1,40,0.0007008477123264848,0.7008477123264848,0.8209583287055676,0.7059895833333333,0.8743288852691651,0.6965,23.18172119501105,2.1891408639930887,25.370870459009893
gru,32,shuffle_row,0,128,1,41,0.0006855986244591103,0.6855986244591104,0.8239922230060284,0.7065905448717948,0.8665839427947998,0.6926,20.951859808003064,2.4365862289996585,23.38845763700374
gru,32,shuffle_row,0,128,1,42,0.0006701465872208216,0.6701465872208215,0.8175193590995593,0.7082732371794872,0.8378855452537537,0.7016,20.81849330299883,2.3504946949979058,23.16900229800376
gru,32,shuffle_row,0,128,1,43,0.0006545084971874737,0.6545084971874737,0.8096054243735779,0.7115584935897435,0.84669260597229,0.7037,20.938382705004187,2.69068851400516,23.629100819001906
gru,32,shuffle_row,0,128,1,44,0.0006387014543809223,0.6387014543809223,0.8073931542726663,0.7137620192307692,0.8446887571334839,0.7004,20.552264806989115,2.396552215999691,22.948832522990415
gru,32,shuffle_row,0,128,1,45,0.0006227427435703996,0.6227427435703996,0.7976405499837338,0.7152443910256411,0.8233715938568116,0.7085,25.931627440993907,4.525871556994389,30.457510498003103
gru,32,shuffle_row,0,128,1,46,0.0006066498153718734,0.6066498153718735,0.8015936825519953,0.7154246794871795,0.8294645337104798,0.7096,21.980385393995675,2.3670791409967933,24.347473134999746
gru,32,shuffle_row,0,128,1,47,0.000590440267166055,0.590440267166055,0.7909370608818836,0.7175881410256411,0.8229132087707519,0.7103,21.866258668000228,2.2972180529905017,24.16349962099048
gru,32,shuffle_row,0,128,1,48,0.000574131823855921,0.574131823855921,0.7927335390677819,0.7189703525641026,0.8240842206954956,0.7061,21.762873219995527,2.767366921994835,24.530250641997554
gru,32,shuffle_row,0,128,1,49,0.0005577423184847932,0.5577423184847932,0.7826692472665738,0.7219551282051282,0.8266852034568787,0.7108,21.81498697900679,2.3502838060085196,24.165296285005752
gru,32,shuffle_row,0,128,1,50,0.0005412896727361663,0.5412896727361662,0.7833407845252599,0.7224158653846153,0.8304544396400452,0.7079,21.4236112350045,2.518163173008361,23.941781408007955
gru,32,shuffle_row,0,128,1,51,0.0005247918773366112,0.5247918773366111,0.7746075130425967,0.7227964743589743,0.8197420838356018,0.7115,21.6711549340107,2.65681519699865,24.32797603101062
gru,32,shuffle_row,0,128,1,52,0.0005082669723831793,0.5082669723831793,0.7757093947667342,0.7246995192307693,0.806522611618042,0.7162,22.42817562900018,2.728349534998415,25.156537164002657
gru,32,shuffle_row,0,128,1,53,0.0004917330276168208,0.49173302761682075,0.7697542172211868,0.7258613782051282,0.8187504833221435,0.7111,22.05413766100537,2.722869275996345,24.77702273700561
gru,32,shuffle_row,0,128,1,54,0.0004752081226633888,0.4752081226633888,0.7661076528903765,0.7272636217948718,0.8028450747489929,0.7139,22.2828024400078,2.717625561999739,25.00044140200771
gru,32,shuffle_row,0,128,1,55,0.0004587103272638339,0.4587103272638339,0.7634671261677375,0.7283653846153846,0.8004036175727844,0.7172,22.483211143000517,2.694901712995488,25.1781361559988
gru,32,shuffle_row,0,128,1,56,0.00044225768151520694,0.44225768151520695,0.7601260771354039,0.7278445512820513,0.8218961229324341,0.7151,22.40827547200024,2.182067496003583,24.590373468003236
gru,32,shuffle_row,0,128,1,57,0.00042586817614407896,0.42586817614407896,0.7583153636027605,0.7306690705128205,0.801889734840393,0.7182,22.793441709000035,2.7539696759922663,25.547419884998817
gru,32,shuffle_row,0,128,1,58,0.0004095597328339452,0.4095597328339452,0.7502149438246702,0.7346554487179487,0.7948978590965271,0.7198,22.12694627000019,2.6503652800020063,24.777324349997798
gru,32,shuffle_row,0,128,1,59,0.00039335018462812664,0.39335018462812665,0.7467926763571225,0.7339743589743589,0.7961114427566528,0.7192,22.485670629001106,2.6433429539902136,25.12902018200839
gru,32,shuffle_row,0,128,1,60,0.00037725725642960046,0.37725725642960045,0.7446096001527248,0.7352964743589744,0.7919838426589966,0.72,22.47758349099604,2.5930077460070606,25.070599636994302
gru,32,shuffle_row,0,128,1,61,0.00036129854561907783,0.3612985456190778,0.740890157299164,0.7377203525641025,0.7920186758041382,0.7229,22.735144568010583,2.5859351999970386,25.321109267009888
gru,32,shuffle_row,0,128,1,62,0.00034549150281252633,0.34549150281252633,0.7406109120601263,0.737099358974359,0.8016659664154053,0.7226,22.539568833002704,4.020119280990912,26.559697614007746
gru,32,shuffle_row,0,128,1,63,0.0003298534127791785,0.32985341277917846,0.733627094519444,0.7402644230769231,0.7992498794555664,0.7173,23.5518079540052,3.1680561159882927,26.719878570002038
gru,32,shuffle_row,0,128,1,64,0.0003144013755408895,0.31440137554088954,0.732964738821372,0.7394030448717949,0.7920179428100586,0.7223,24.588251888999366,2.6246297549951123,27.21288684400497
gru,32,shuffle_row,0,128,1,65,0.0002991522876735154,0.29915228767351537,0.7290970733532539,0.740665064102564,0.7885683749198914,0.7205,22.16176429099869,2.697078869998222,24.858854360994883
gru,32,shuffle_row,0,128,1,66,0.0002841228238307536,0.2841228238307536,0.7261121743764632,0.7427684294871795,0.8121926445007325,0.7148,22.31217701001151,2.8329527099995175,25.145143519999692
gru,32,shuffle_row,0,128,1,67,0.00026932941851065615,0.26932941851065617,0.7178114862014086,0.7460737179487179,0.7771885857582093,0.7291,22.684256553009618,2.605527681997046,25.289790435010218
gru,32,shuffle_row,0,128,1,68,0.0002547882480847461,0.2547882480847461,0.7203887117214692,0.7431490384615385,0.778644956111908,0.7279,22.072219168010633,2.692667438008357,24.764901806003763
gru,32,shuffle_row,0,128,1,69,0.00024051521310939256,0.24051521310939256,0.7125334014495214,0.746474358974359,0.7804434119224548,0.7266,22.234334700013278,2.787749765004264,25.022096765009337
gru,32,shuffle_row,0,128,1,70,0.00022652592093878665,0.22652592093878665,0.7152080537416996,0.7451522435897436,0.7904245908737183,0.7245,22.422224036999978,2.8237161220022244,25.24594825899112
gru,32,shuffle_row,0,128,1,71,0.0002128356686585282,0.2128356686585282,0.7110496723499053,0.7475761217948718,0.7855528667449951,0.7276,22.345341435997398,2.3400438930111704,24.6853953289974
gru,32,shuffle_row,0,128,1,72,0.00019945942635848747,0.19945942635848746,0.7052804700075052,0.7497195512820513,0.7746281781196594,0.7316,22.732332450992544,2.4592435149970697,25.191582065992407
gru,32,shuffle_row,0,128,1,73,0.00018641182076323148,0.18641182076323148,0.7037310366447155,0.7495793269230769,0.779426337814331,0.7269,23.23473253600241,3.132264750995091,26.367007187000127
gru,32,shuffle_row,0,128,1,74,0.00017370711923791565,0.17370711923791565,0.7018041546528156,0.7505008012820513,0.765802599143982,0.7338,27.85837218799861,3.047660493000876,30.906039280991536
gru,32,shuffle_row,0,128,1,75,0.00016135921418712956,0.16135921418712956,0.695223475801639,0.7523637820512821,0.7746440072059632,0.7264,23.48765911400551,3.949374212999828,27.43704682700627
gru,32,shuffle_row,0,128,1,76,0.00014938160786375572,0.1493816078637557,0.694325103973731,0.7525641025641026,0.7728130623817444,0.7308,23.563595578991226,2.721927966005751,26.285533545000362
gru,32,shuffle_row,0,128,1,77,0.00013778739760445552,0.13778739760445552,0.6946906215105302,0.7532852564102565,0.761939549446106,0.7367,23.02552163999644,2.6482132829987677,25.673742822997156
gru,32,shuffle_row,0,128,1,78,0.0001265892615079232,0.1265892615079232,0.6903594770492651,0.7559695512820512,0.7720548244476318,0.7312,24.044028534000972,3.5045383809920168,27.548584415009827
gru,32,shuffle_row,0,128,1,79,0.0001157994445715706,0.1157994445715706,0.6894608990504192,0.7553886217948718,0.7659005657196045,0.7337,23.303827076000744,3.219456017992343,26.52330259399605
gru,32,shuffle_row,0,128,1,80,0.00010542974530180327,0.10542974530180327,0.6858291833064495,0.7578125,0.7636186057090759,0.7324,22.905220578002627,3.2232836079929257,26.12851508600579
gru,32,shuffle_row,0,128,1,81,9.549150281252633e-05,0.09549150281252633,0.6827350120513868,0.7582932692307692,0.7684989434242249,0.7325,23.514670636999654,3.182992866000859,26.697670902998652
gru,32,shuffle_row,0,128,1,82,8.599558442598998e-05,0.08599558442598998,0.6791316963159121,0.7576522435897436,0.7655297153472901,0.7358,23.84960680900258,3.7408411860087654,27.590465695000603
gru,32,shuffle_row,0,128,1,83,7.695237378953224e-05,0.07695237378953224,0.6811929307686977,0.75859375,0.7670082465171814,0.7365,24.585628625995014,2.6178341530030593,27.203469678992406
gru,32,shuffle_row,0,128,1,84,6.837175952121305e-05,0.06837175952121305,0.6801552743483812,0.7590544871794872,0.7695973245620727,0.7328,25.03664080800081,2.806564790997072,27.843216099005076
gru,32,shuffle_row,0,128,1,85,6.026312439675552e-05,0.06026312439675552,0.6722618378125704,0.7610977564102565,0.7645351434707641,0.7344,23.965536838994012,2.743687084992416,26.70925282400276
gru,32,shuffle_row,0,128,1,86,5.2635335089618264e-05,0.05263533508961826,0.6719140279751558,0.7615584935897436,0.7674337864875793,0.7302,23.845602450004662,2.329018411997822,26.174624562001554
gru,32,shuffle_row,0,128,1,87,4.5496732475418745e-05,0.045496732475418744,0.6725757000538019,0.7615184294871795,0.7634176704406739,0.7336,23.830932376993587,2.5436914279998746,26.37463040500006
gru,32,shuffle_row,0,128,1,88,3.885512251130763e-05,0.03885512251130763,0.6729229283638489,0.7618790064102564,0.761840932559967,0.735,23.999252656009048,2.416256123004132,26.41551387900836
gru,32,shuffle_row,0,128,1,89,3.271776770026963e-05,0.03271776770026963,0.6722971611298048,0.7623798076923077,0.7642421221733093,0.7358,23.669350575000863,2.7791398449917324,26.44850181999209
gru,32,shuffle_row,0,128,1,90,2.709137914968268e-05,0.02709137914968268,0.6710557661759547,0.7620793269230769,0.7590216904640198,0.7359,23.706109815000673,2.769853714009514,26.475981429000967
gru,32,shuffle_row,0,128,1,91,2.198210923282118e-05,0.02198210923282118,0.6666396134174787,0.7635416666666667,0.7607249280929566,0.7359,23.981320242994116,2.491480087992386,26.472806131001562
gru,32,shuffle_row,0,128,1,92,1.7395544861325717e-05,0.017395544861325718,0.6682633909659508,0.7627203525641025,0.758068935585022,0.7363,23.863530792004894,2.5042134639952565,26.367754656006582
gru,32,shuffle_row,0,128,1,93,1.3336701375997129e-05,0.013336701375997129,0.6663615685242873,0.7625801282051282,0.7601125102043151,0.7372,23.54694062800263,2.7813397779973457,26.328288705990417
gru,32,shuffle_row,0,128,1,94,9.810017062595322e-06,0.009810017062595322,0.665232587319154,0.7638020833333333,0.7592480379104615,0.7356,24.263916882002377,2.46260992900352,26.726543611002853
gru,32,shuffle_row,0,128,1,95,6.819348298638839e-06,0.006819348298638839,0.6644820910233717,0.7626402243589744,0.7588551062583924,0.7375,23.04434013699938,3.2205961660074536,26.264951003002352
gru,32,shuffle_row,0,128,1,96,4.367965336512402e-06,0.004367965336512403,0.6643068082821675,0.7653044871794872,0.7589238509178161,0.736,23.480631512997206,3.5717118439933984,27.052355257008458
gru,32,shuffle_row,0,128,1,97,2.458548727494292e-06,0.002458548727494292,0.6648788826587873,0.7656049679487179,0.7583728233337402,0.7353,24.681346630008193,2.6336806920007803,27.315040022003814
gru,32,shuffle_row,0,128,1,98,1.0931863906127326e-06,0.0010931863906127326,0.665807784597079,0.7652243589743589,0.7586284094810486,0.7365,25.862901104002958,3.4787974409991875,29.341709845000878
gru,32,shuffle_row,0,128,1,99,2.733713295369755e-07,0.0002733713295369755,0.664936313797266,0.7641426282051282,0.7587920040130616,0.7358,25.26734411000507,3.1424453660001745,28.409797875996446
gru,32,shuffle_row,0,128,1,100,0.0,0.0,0.6651652618860587,0.7638621794871795,0.7587920040130616,0.7358,24.644938532990636,3.781677891005529,28.426637223994476
gru,32,same_row_4,0,128,1,1,0.0002,0.2,2.022776750417856,0.2529046474358974,1.9186543701171874,0.2941,76.90859077200003,8.306705848008278,85.21530401999189
gru,32,same_row_4,0,128,1,2,0.0004,0.4,1.8026232230357635,0.3321714743589744,1.6714231323242188,0.366,73.3206271490053,7.930343027008348,81.25098807600443
gru,32,same_row_4,0,128,1,3,0.0006,0.6,1.5879640126839663,0.4116786858974359,1.4903915710449218,0.4519,74.161925531007,7.595081413994194,81.75701304500399
gru,32,same_row_4,0,128,1,4,0.0008,0.8,1.4343483325762627,0.47604166666666664,1.3163547302246095,0.5156,54.28411298900028,4.828831744991476,59.11295313399751
gru,32,same_row_4,0,128,1,5,0.001,1.0,1.2937544309175932,0.5309895833333333,1.23951192779541,0.559,53.13370560199837,4.755806987988763,57.889516290000756
gru,32,same_row_4,0,128,1,6,0.000999726628670463,0.999726628670463,1.1725110897651085,0.5782451923076923,1.072523956298828,0.6176,53.770302096003434,5.22844274599629,58.99875104200328
gru,32,same_row_4,0,128,1,7,0.0009989068136093873,0.9989068136093873,1.0775464504193037,0.6126602564102565,0.9991804489135743,0.6455,52.89320611199946,4.670895851988462,57.56410556400078
gru,32,same_row_4,0,128,1,8,0.0009975414512725057,0.9975414512725057,1.0061971051570697,0.6388421474358974,0.9642227722167969,0.656,52.718107979002525,4.752855847997125,57.470967226996436
gru,32,same_row_4,0,128,1,9,0.0009956320346634876,0.9956320346634876,0.9511028627554575,0.6647836538461539,0.9064755775451661,0.6799,52.27552890100924,4.712864382003318,56.988396883010864
gru,32,same_row_4,0,128,1,10,0.0009931806517013613,0.9931806517013612,0.912373804129087,0.6759415064102564,0.8748078666687011,0.6911,52.035214257004554,4.6141594070068095,56.64937586399901
gru,32,same_row_4,0,128,1,11,0.0009901899829374047,0.9901899829374047,0.868068923552831,0.6924278846153846,0.8512057762145996,0.7007,52.11239704101172,4.743060003995197,56.85545914500835
gru,32,same_row_4,0,128,1,12,0.000986663298624003,0.9866632986240029,0.8363936997376955,0.7045072115384615,0.8122238059997559,0.7136,52.17968851100886,4.662657385997591,56.84234949700476
gru,32,same_row_4,0,128,1,13,0.0009826044551386743,0.9826044551386743,0.8010540766593738,0.7188501602564102,0.8174250877380371,0.7137,52.02380013599759,4.789107630000217,56.812910466003814
gru,32,same_row_4,0,128,1,14,0.0009780178907671788,0.9780178907671788,0.7799335637153724,0.7248197115384616,0.7688722801208496,0.7322,52.29617647800478,4.625226301999646,56.92140608000045
gru,32,same_row_4,0,128,1,15,0.0009729086208503173,0.9729086208503173,0.753815073080552,0.7360977564102564,0.7614984756469727,0.7359,51.82616872699873,4.639668088988401,56.465839215990854
gru,32,same_row_4,0,128,1,16,0.0009672822322997304,0.9672822322997304,0.7365530828634897,0.7416866987179487,0.7604779152870178,0.7321,51.97728251799708,4.6300542909884825,56.607340308997664
gru,32,same_row_4,0,128,1,17,0.0009611448774886924,0.9611448774886924,0.7217568871302482,0.7489583333333333,0.7826646003723144,0.7219,52.15636484300194,4.793108159006806,56.949477501999354
gru,32,same_row_4,0,128,1,18,0.0009545032675245813,0.9545032675245813,0.6996391812196144,0.7529647435897436,0.7203084754943848,0.7465,52.182998256001156,4.756213002998265,56.93921475901152
gru,32,same_row_4,0,128,1,19,0.0009473646649103818,0.9473646649103817,0.6824479106145027,0.7621794871794871,0.7070390758514404,0.7537,52.34213326701138,4.74717854600749,57.089314113007276
gru,32,same_row_4,0,128,1,20,0.0009397368756032445,0.9397368756032445,0.668211144896654,0.7642427884615385,0.7092321445465087,0.7474,52.27704952999193,4.612928050002665,56.88998127999366
gru,32,same_row_4,0,128,1,21,0.000931628240478787,0.931628240478787,0.6572201634064699,0.771494391025641,0.7013815618515015,0.7555,53.38530383098987,4.864408617999288,58.24971644899051
gru,32,same_row_4,0,128,1,22,0.0009230476262104677,0.9230476262104677,0.6437345339701726,0.7770032051282051,0.683799722290039,0.7605,52.31235066399677,4.750802434995421,57.063157198994304
gru,32,same_row_4,0,128,1,23,0.00091400441557401,0.91400441557401,0.6267635531150377,0.7816706730769231,0.6576021532058716,0.7644,52.782824911002535,4.96158343598654,57.74441904699779
gru,32,same_row_4,0,128,1,24,0.0009045084971874737,0.9045084971874737,0.6168279397181976,0.7862179487179487,0.6644087530136108,0.7673,52.737916857993696,4.8389955809980165,57.576916938996874
gru,32,same_row_4,0,128,1,25,0.0008945702546981969,0.8945702546981968,0.6022387435038884,0.7903245192307692,0.6716313193321228,0.7673,52.20827033900423,4.632766656999593,56.84103879600298
gru,32,same_row_4,0,128,1,26,0.0008842005554284296,0.8842005554284296,0.5907967626284331,0.7957732371794872,0.6766714958190918,0.766,52.02930932000163,4.699377835000632,56.72869295500277
gru,32,same_row_4,0,128,1,27,0.000873410738492077,0.873410738492077,0.5823530538724019,0.7948116987179488,0.6650397319793702,0.7678,51.861271697009215,4.682317922997754,56.54359192000993
gru,32,same_row_4,0,128,1,28,0.0008622126023955446,0.8622126023955445,0.5755874617741659,0.7990584935897436,0.6264305521011353,0.7824,51.873393759000464,4.651975939996191,56.52537369899801
gru,32,same_row_4,0,128,1,29,0.0008506183921362443,0.8506183921362442,0.5647703044689618,0.8046674679487179,0.6366814140319824,0.7824,51.72351510800945,4.948529666013201,56.67204707401106
gru,32,same_row_4,0,128,1,30,0.0008386407858128706,0.8386407858128706,0.5504861788871961,0.8092347756410256,0.6265153833389282,0.7807,51.927839672003756,4.60017609699571,56.528018569006235
gru,32,same_row_4,0,128,1,31,0.0008262928807620843,0.8262928807620843,0.5470069335821347,0.8099559294871795,0.6191214710235595,0.7854,51.66055723800673,4.614457873001811,56.27501721099543
gru,32,same_row_4,0,128,1,32,0.0008135881792367685,0.8135881792367685,0.5411916679296738,0.8115384615384615,0.6075122312545777,0.787,51.628315422000014,4.589704436992179,56.218022258995916
gru,32,same_row_4,0,128,1,33,0.0008005405736415125,0.8005405736415125,0.5295807000918266,0.8160657051282051,0.6324056980133057,0.785,51.912300764990505,4.798539798997808,56.710844463988906
gru,32,same_row_4,0,128,1,34,0.0007871643313414718,0.7871643313414718,0.5278549950856429,0.8167267628205128,0.6073538572311401,0.7916,52.4752013469988,4.666326563004986,57.141530109991436
gru,32,same_row_4,0,128,1,35,0.0007734740790612135,0.7734740790612136,0.5169651057475653,0.8212940705128206,0.6037160172462464,0.7912,51.469016599003226,4.693579510989366,56.16259801000706
gru,32,same_row_4,0,128,1,36,0.0007594847868906076,0.7594847868906076,0.5077060922598228,0.8237580128205129,0.6157802368164063,0.786,52.140702877004514,4.885331685989513,57.026037963005365
gru,32,same_row_4,0,128,1,37,0.0007452117519152541,0.7452117519152541,0.5015889599537238,0.8258213141025641,0.6220229475975037,0.7875,52.52195091500471,4.9856171760038706,57.5075717909931
gru,32,same_row_4,0,128,1,38,0.000730670581489344,0.7306705814893439,0.4958645518009479,0.8264623397435897,0.5977434497833252,0.7943,52.36014150000119,4.698321185001987,57.058466084999964
gru,32,same_row_4,0,128,1,39,0.0007158771761692464,0.7158771761692464,0.48425353261140675,0.8321915064102564,0.5996849325180054,0.7888,52.05070549099764,4.686625828995602,56.73733361999621
gru,32,same_row_4,0,128,1,40,0.0007008477123264848,0.7008477123264848,0.481196598135508,0.8323717948717949,0.606785027217865,0.7958,52.097563689007075,4.853030320009566,56.95059650900657
gru,32,same_row_4,0,128,1,41,0.0006855986244591103,0.6855986244591104,0.4771811516621174,0.8346153846153846,0.6131129274368287,0.7866,52.24935374299821,4.668779378989711,56.918135422005435
gru,32,same_row_4,0,128,1,42,0.0006701465872208216,0.6701465872208215,0.4659941636599027,0.8377203525641026,0.596853216457367,0.7911,52.34766759899503,4.71911429001193,57.06678438899689
gru,32,same_row_4,0,128,1,43,0.0006545084971874737,0.6545084971874737,0.4623690132147227,0.8386017628205128,0.5880205422401428,0.7943,52.532867817993974,4.760018803994171,57.2928897219972
gru,32,same_row_4,0,128,1,44,0.0006387014543809223,0.6387014543809223,0.453015285042616,0.8431089743589744,0.5728056948661804,0.8019,52.17022438500135,4.765060960999108,56.93528964598954
gru,32,same_row_4,0,128,1,45,0.0006227427435703996,0.6227427435703996,0.4460974144629943,0.8439903846153847,0.5783000244140625,0.8005,52.15775297599612,4.681741591004538,56.839496866989066
gru,32,same_row_4,0,128,1,46,0.0006066498153718734,0.6066498153718735,0.44134262655025874,0.8472956730769231,0.5914771314620971,0.7984,52.45072004299436,4.802322892006487,57.25304513500305
gru,32,same_row_4,0,128,1,47,0.000590440267166055,0.590440267166055,0.435282544638866,0.8490184294871795,0.569267007637024,0.8027,52.31907707299979,4.754722140001832,57.073801613005344
gru,32,same_row_4,0,128,1,48,0.000574131823855921,0.574131823855921,0.4321388323337604,0.8503405448717949,0.5592661757469177,0.8117,58.00232750400028,4.740349188999971,62.74267909300397
gru,32,same_row_4,0,128,1,49,0.0005577423184847932,0.5577423184847932,0.42304167728393505,0.8538661858974359,0.5941754042625427,0.7939,50.40110406700114,4.803210922997096,55.204318390009576
gru,32,same_row_4,0,128,1,50,0.0005412896727361663,0.5412896727361662,0.4184330051526045,0.8552283653846153,0.5633978157043457,0.8064,51.120954743004404,4.534817840001779,55.65577468299307
gru,32,same_row_4,0,128,1,51,0.0005247918773366112,0.5247918773366111,0.4129301321430084,0.8560897435897435,0.5563608113288879,0.8099,50.2099326710013,4.633121625010972,54.8430576959945
gru,32,same_row_4,0,128,1,52,0.0005082669723831793,0.5082669723831793,0.41116755459553156,0.857852564102564,0.574192786693573,0.8085,52.00736188600422,4.977414612003486,56.98477989800449
gru,32,same_row_4,0,128,1,53,0.0004917330276168208,0.49173302761682075,0.40202312870667534,0.8600961538461539,0.5688894020080566,0.8053,52.433849601991824,4.719674762003706,57.15352656399773
gru,32,same_row_4,0,128,1,54,0.0004752081226633888,0.4752081226633888,0.3958325807482768,0.8626001602564103,0.5676652956008911,0.8059,51.97821985199698,4.761870696005644,56.74009384799865
gru,32,same_row_4,0,128,1,55,0.0004587103272638339,0.4587103272638339,0.3919018995685455,0.8658453525641026,0.5727659395217896,0.805,51.83024244999979,4.667263284994988,56.49751373400795
gru,32,same_row_4,0,128,1,56,0.00044225768151520694,0.44225768151520695,0.38724436106590127,0.8655448717948718,0.5926040098190307,0.8016,52.154226825994556,4.706597835000139,56.8608273610007
gru,32,same_row_4,0,128,1,57,0.00042586817614407896,0.42586817614407896,0.3841372088362009,0.8680288461538461,0.569427297592163,0.809,52.30899873000453,4.705018585009384,57.014021715003764
gru,32,same_row_4,0,128,1,58,0.0004095597328339452,0.4095597328339452,0.37445183873940735,0.8707932692307693,0.5593253778457642,0.8094,52.12334084800386,4.72946303099161,56.852807579009095
gru,32,same_row_4,0,128,1,59,0.00039335018462812664,0.39335018462812665,0.36993719530411256,0.8726362179487179,0.5549418758392334,0.8114,52.08160328799568,4.875765720003983,56.95737130800262
gru,32,same_row_4,0,128,1,60,0.00037725725642960046,0.37725725642960045,0.3633904199951734,0.8741786858974359,0.5785057161331176,0.8088,52.164514322998,4.718853368001874,56.88337529099954
gru,32,same_row_4,0,128,1,61,0.00036129854561907783,0.3612985456190778,0.36127378069437466,0.8740584935897436,0.5515646395683289,0.8169,52.18378312001005,4.722772034001537,56.90655835400685
gru,32,same_row_4,0,128,1,62,0.00034549150281252633,0.34549150281252633,0.3543608702528171,0.8779447115384615,0.5594193490982056,0.8142,52.1982955239946,4.721349592990009,56.91964801699214
gru,32,same_row_4,0,128,1,63,0.0003298534127791785,0.32985341277917846,0.3495758953384864,0.8793269230769231,0.5951479707241059,0.803,52.36981197200657,9.284978080002475,61.65522695099935
gru,32,same_row_4,0,128,1,64,0.0003144013755408895,0.31440137554088954,0.34893690305642594,0.8798878205128206,0.5621207807064056,0.8136,51.37435930799984,4.362262398004532,55.73662380599126
gru,32,same_row_4,0,128,1,65,0.0002991522876735154,0.29915228767351537,0.3419542526587462,0.8810096153846154,0.5688696413040161,0.8118,50.1090521189908,4.629628306996892,54.7386831259937
gru,32,same_row_4,0,128,1,66,0.0002841228238307536,0.2841228238307536,0.33527418000575826,0.8836939102564103,0.562162684059143,0.8146,51.75379151699599,4.730765876010992,56.48455989299691
gru,32,same_row_4,0,128,1,67,0.00026932941851065615,0.26932941851065617,0.32825959561726986,0.8889623397435897,0.5589754121780396,0.8166,52.19963397399988,4.7516016800072975,56.951238554000156
gru,32,same_row_4,0,128,1,68,0.0002547882480847461,0.2547882480847461,0.3239837436339794,0.8882612179487179,0.5510723646163941,0.8157,52.03197098898818,4.852036501004477,56.8840100899979
gru,32,same_row_4,0,128,1,69,0.00024051521310939256,0.24051521310939256,0.32073797381077057,0.8904046474358974,0.5545397753715515,0.8175,51.72529775599833,4.736821325001074,56.46212448099686
gru,32,same_row_4,0,128,1,70,0.00022652592093878665,0.22652592093878665,0.31311771961358875,0.8930689102564102,0.5720337978363037,0.8114,52.00125529599609,4.781324470997788,56.782582567000645
gru,32,same_row_4,0,128,1,71,0.0002128356686585282,0.2128356686585282,0.3121269817153613,0.8938701923076923,0.562086407661438,0.8132,52.20962544500071,4.682466279002256,56.89209502399899
gru,32,same_row_4,0,128,1,72,0.00019945942635848747,0.19945942635848746,0.3044984343342292,0.8958533653846154,0.5684593214035034,0.8168,52.34676575999765,4.695713045002776,57.04248120500415
gru,32,same_row_4,0,128,1,73,0.00018641182076323148,0.18641182076323148,0.30494920359208033,0.8954126602564103,0.578423269367218,0.8155,52.34896086899971,4.712409897998441,57.06137396700797
gru,32,same_row_4,0,128,1,74,0.00017370711923791565,0.17370711923791565,0.2973025019352253,0.8975560897435897,0.5572548447608948,0.8187,52.02147184299247,4.707448380999267,56.728922423993936
gru,32,same_row_4,0,128,1,75,0.00016135921418712956,0.16135921418712956,0.2933867673843335,0.9000600961538462,0.5514043696403503,0.8199,52.13270363600168,4.704950019004173,56.837657054988085
gru,32,same_row_4,0,128,1,76,0.00014938160786375572,0.1493816078637557,0.2912924751066245,0.9004206730769231,0.5583481426715851,0.8186,52.16244011900562,4.737559742003214,56.90000406099716
gru,32,same_row_4,0,128,1,77,0.00013778739760445552,0.13778739760445552,0.28782819226766243,0.9016225961538461,0.5621780004501343,0.8171,52.0387778919976,4.679109470002004,56.71789106199867
gru,32,same_row_4,0,128,1,78,0.0001265892615079232,0.1265892615079232,0.28569884028954384,0.9034254807692308,0.571330602645874,0.8145,51.90673673301353,4.647992352998699,56.55473118601367
gru,32,same_row_4,0,128,1,79,0.0001157994445715706,0.1157994445715706,0.27881717429711267,0.9064102564102564,0.5704142239570618,0.8182,51.70893251099915,4.629864981994615,56.3387995929952
gru,32,same_row_4,0,128,1,80,0.00010542974530180327,0.10542974530180327,0.275955880070344,0.9063301282051283,0.5635399060249329,0.8181,51.78059440899233,4.614665668996167,56.39526487799594
gru,32,same_row_4,0,128,1,81,9.549150281252633e-05,0.09549150281252633,0.2736013601605709,0.9078525641025641,0.5583989217758178,0.8203,51.897699916007696,4.742258229001891,56.63996564500849
gru,32,same_row_4,0,128,1,82,8.599558442598998e-05,0.08599558442598998,0.2667046857185853,0.908974358974359,0.5667040950775146,0.819,51.726789934997214,4.673673256998882,56.400465291997534
gru,32,same_row_4,0,128,1,83,7.695237378953224e-05,0.07695237378953224,0.26795693185084907,0.909395032051282,0.561295107460022,0.8189,51.772936465989915,4.699265075003495,56.4722045410017
gru,32,same_row_4,0,128,1,84,6.837175952121305e-05,0.06837175952121305,0.2636479747792085,0.9111177884615385,0.5622148748397827,0.8219,51.7859542780061,4.666925817000447,56.45288389500638
gru,32,same_row_4,0,128,1,85,6.026312439675552e-05,0.06026312439675552,0.26115025171102624,0.9114383012820513,0.5600865458488464,0.8206,51.742429221994826,4.644982472003903,56.38741389400093
gru,32,same_row_4,0,128,1,86,5.2635335089618264e-05,0.05263533508961826,0.2587674897832748,0.913261217948718,0.557604168510437,0.8216,51.729513508995296,4.665036955004325,56.39455506399099
gru,32,same_row_4,0,128,1,87,4.5496732475418745e-05,0.045496732475418744,0.2572688782444367,0.9130408653846154,0.561301513671875,0.8187,51.68128035499831,4.847828903992195,56.529111658994225
gru,32,same_row_4,0,128,1,88,3.885512251130763e-05,0.03885512251130763,0.255486589211684,0.9145432692307692,0.5591653069496155,0.8228,51.54480667501048,4.5737311050033895,56.118542180003715
gru,32,same_row_4,0,128,1,89,3.271776770026963e-05,0.03271776770026963,0.2538391448748417,0.9147636217948718,0.5561827590942383,0.8224,51.615896190007334,4.626902358999359,56.24280064900813
gru,32,same_row_4,0,128,1,90,2.709137914968268e-05,0.02709137914968268,0.2498354580348883,0.9166666666666666,0.5650357193470001,0.8196,51.70988574701187,4.581148294004379,56.29103664100694
gru,32,same_row_4,0,128,1,91,2.198210923282118e-05,0.02198210923282118,0.24844005505243938,0.9178485576923077,0.5596250582695007,0.8209,51.80716903600842,4.636623564001638,56.44379540000227
gru,32,same_row_4,0,128,1,92,1.7395544861325717e-05,0.017395544861325718,0.24887290274103482,0.9157652243589743,0.5585164615631103,0.8227,51.980087331001414,4.663673525996273,56.64376345700293
gru,32,same_row_4,0,128,1,93,1.3336701375997129e-05,0.013336701375997129,0.24573607666370195,0.9173878205128205,0.5626684989929199,0.8208,52.01237537199631,4.750928598994506,56.7633086709975
gru,32,same_row_4,0,128,1,94,9.810017062595322e-06,0.009810017062595322,0.24833119964370362,0.9178886217948717,0.5590517211914062,0.8244,51.54938848699385,4.616943883011118,56.1663357699872
gru,32,same_row_4,0,128,1,95,6.819348298638839e-06,0.006819348298638839,0.24409547377473267,0.9183693910256411,0.560720686340332,0.8206,52.752136457012966,4.953245498996694,57.70538475600188
gru,32,same_row_4,0,128,1,96,4.367965336512402e-06,0.004367965336512403,0.24200771580903957,0.9206129807692308,0.5603634098052979,0.821,51.7125381299993,4.6223076909955125,56.3348483209993
gru,32,same_row_4,0,128,1,97,2.458548727494292e-06,0.002458548727494292,0.24449732521405587,0.9185296474358975,0.5598458822250366,0.8225,51.9501101019996,4.676492476006388,56.62660727799812
gru,32,same_row_4,0,128,1,98,1.0931863906127326e-06,0.0010931863906127326,0.24206337783581172,0.9195913461538462,0.5592676349639892,0.8224,51.94403127999976,4.588930405996507,56.53296398599923
gru,32,same_row_4,0,128,1,99,2.733713295369755e-07,0.0002733713295369755,0.24036465583321376,0.9203125,0.5594160493850708,0.8228,51.56588606900186,4.646595501995762,56.2124844709906
gru,32,same_row_4,0,128,1,100,0.0,0.0,0.24277054361807995,0.91953125,0.5594160493850708,0.8228,51.59623328599264,4.692147045992897,56.288383131992305
