exp_id,grid,patch_size,training_seed,reliance,path_family,single_or_diverse,channel_path_id_0,channel_path_id_1,channel_path_id_2,channel_path_id_3,channel_order_sha256_0,channel_order_sha256_1,channel_order_sha256_2,channel_order_sha256_3,channel_inverse_order_sha256_0,channel_inverse_order_sha256_1,channel_inverse_order_sha256_2,channel_inverse_order_sha256_3,latin_square_rotation,lmto_source_sha256,random_source_sha256,split_source_sha256,config_source_sha256
GEO_SG1,8,4,0,R_low,GEO,single,G1,G1,G1,G1,7a4644928f3a08db905254fd7e5e53ef19a46d932a2ecd372b45462413a82619,7a4644928f3a08db905254fd7e5e53ef19a46d932a2ecd372b45462413a82619,7a4644928f3a08db905254fd7e5e53ef19a46d932a2ecd372b45462413a82619,7a4644928f3a08db905254fd7e5e53ef19a46d932a2ecd372b45462413a82619,7a4644928f3a08db905254fd7e5e53ef19a46d932a2ecd372b45462413a82619,7a4644928f3a08db905254fd7e5e53ef19a46d932a2ecd372b45462413a82619,7a4644928f3a08db905254fd7e5e53ef19a46d932a2ecd372b45462413a82619,7a4644928f3a08db905254fd7e5e53ef19a46d932a2ecd372b45462413a82619,,93a41e67f539b469a8c2855bc577805d4dc6a7ffcb8c648b11097c9d58ffbec7,2f7b8a6fd3cfbbae9897b4ef4dc9dcfd1bf7744619d5818ceaca7604d565aee3,e28719c9154bfcdce9c89ab5c91529eb27403ce54483eac494708c0f072b1f09,790e08faf1856d8307d56500e0143cdb36225ae10c3542287e33b8efd6c1a33e
GEO_SG1,8,4,1,R_low,GEO,single,G1,G1,G1,G1,7a4644928f3a08db905254fd7e5e53ef19a46d932a2ecd372b45462413a82619,7a4644928f3a08db905254fd7e5e53ef19a46d932a2ecd372b45462413a82619,7a4644928f3a08db905254fd7e5e53ef19a46d932a2ecd372b45462413a82619,7a4644928f3a08db905254fd7e5e53ef19a46d932a2ecd372b45462413a82619,7a4644928f3a08db905254fd7e5e53ef19a46d932a2ecd372b45462413a82619,7a4644928f3a08db905254fd7e5e53ef19a46d932a2ecd372b45462413a82619,7a4644928f3a08db905254fd7e5e53ef19a46d932a2ecd372b45462413a82619,7a4644928f3a08db905254fd7e5e53ef19a46d932a2ecd372b45462413a82619,,93a41e67f539b469a8c2855bc577805d4dc6a7ffcb8c648b11097c9d58ffbec7,2f7b8a6fd3cfbbae9897b4ef4dc9dcfd1bf7744619d5818ceaca7604d565aee3,e28719c9154bfcdce9c89ab5c91529eb27403ce54483eac494708c0f072b1f09,790e08faf1856d8307d56500e0143cdb36225ae10c3542287e33b8efd6c1a33e
GEO_SG1,8,4,2,R_low,GEO,single,G1,G1,G1,G1,7a4644928f3a08db905254fd7e5e53ef19a46d932a2ecd372b45462413a82619,7a4644928f3a08db905254fd7e5e53ef19a46d932a2ecd372b45462413a82619,7a4644928f3a08db905254fd7e5e53ef19a46d932a2ecd372b45462413a82619,7a4644928f3a08db905254fd7e5e53ef19a46d932a2ecd372b45462413a82619,7a4644928f3a08db905254fd7e5e53ef19a46d932a2ecd372b45462413a82619,7a4644928f3a08db905254fd7e5e53ef19a46d932a2ecd372b45462413a82619,7a4644928f3a08db905254fd7e5e53ef19a46d932a2ecd372b45462413a82619,7a4644928f3a08db905254fd7e5e53ef19a46d932a2ecd372b45462413a82619,,93a41e67f539b469a8c2855bc577805d4dc6a7ffcb8c648b11097c9d58ffbec7,2f7b8a6fd3cfbbae9897b4ef4dc9dcfd1bf7744619d5818ceaca7604d565aee3,e28719c9154bfcdce9c89ab5c91529eb27403ce54483eac494708c0f072b1f09,790e08faf1856d8307d56500e0143cdb36225ae10c3542287e33b8efd6c1a33e
GEO_SG1,8,4,3,R_low,GEO,single,G1,G1,G1,G1,7a4644928f3a08db905254fd7e5e53ef19a46d932a2ecd372b45462413a82619,7a4644928f3a08db905254fd7e5e53ef19a46d932a2ecd372b45462413a82619,7a4644928f3a08db905254fd7e5e53ef19a46d932a2ecd372b45462413a82619,7a4644928f3a08db905254fd7e5e53ef19a46d932a2ecd372b45462413a82619,7a4644928f3a08db905254fd7e5e53ef19a46d932a2ecd372b45462413a82619,7a4644928f3a08db905254fd7e5e53ef19a46d932a2ecd372b45462413a82619,7a4644928f3a08db905254fd7e5e53ef19a46d932a2ecd372b45462413a82619,7a4644928f3a08db905254fd7e5e53ef19a46d932a2ecd372b45462413a82619,,93a41e67f539b469a8c2855bc577805d4dc6a7ffcb8c648b11097c9d58ffbec7,2f7b8a6fd3cfbbae9897b4ef4dc9dcfd1bf7744619d5818ceaca7604d565aee3,e28719c9154bfcdce9c89ab5c91529eb27403ce54483eac494708c0f072b1f09,790e08faf1856d8307d56500e0143cdb36225ae10c3542287e33b8efd6c1a33e
GEO_SG1,32,1,0,R_high,GEO,single,G1,G1,G1,G1,2f88e9ce00d238e7e011a7b140b413dcad818f1da41a721f914f1af604d0e217,2f88e9ce00d238e7e011a7b140b413dcad818f1da41a721f914f1af604d0e217,2f88e9ce00d238e7e011a7b140b413dcad818f1da41a721f914f1af604d0e217,2f88e9ce00d238e7e011a7b140b413dcad818f1da41a721f914f1af604d0e217,2f88e9ce00d238e7e011a7b140b413dcad818f1da41a721f914f1af604d0e217,2f88e9ce00d238e7e011a7b140b413dcad818f1da41a721f914f1af604d0e217,2f88e9ce00d238e7e011a7b140b413dcad818f1da41a721f914f1af604d0e217,2f88e9ce00d238e7e011a7b140b413dcad818f1da41a721f914f1af604d0e217,,93a41e67f539b469a8c2855bc577805d4dc6a7ffcb8c648b11097c9d58ffbec7,2f7b8a6fd3cfbbae9897b4ef4dc9dcfd1bf7744619d5818ceaca7604d565aee3,e28719c9154bfcdce9c89ab5c91529eb27403ce54483eac494708c0f072b1f09,790e08faf1856d8307d56500e0143cdb36225ae10c3542287e33b8efd6c1a33e
GEO_SG1,32,1,1,R_high,GEO,single,G1,G1,G1,G1,2f88e9ce00d238e7e011a7b140b413dcad818f1da41a721f914f1af604d0e217,2f88e9ce00d238e7e011a7b140b413dcad818f1da41a721f914f1af604d0e217,2f88e9ce00d238e7e011a7b140b413dcad818f1da41a721f914f1af604d0e217,2f88e9ce00d238e7e011a7b140b413dcad818f1da41a721f914f1af604d0e217,2f88e9ce00d238e7e011a7b140b413dcad818f1da41a721f914f1af604d0e217,2f88e9ce00d238e7e011a7b140b413dcad818f1da41a721f914f1af604d0e217,2f88e9ce00d238e7e011a7b140b413dcad818f1da41a721f914f1af604d0e217,2f88e9ce00d238e7e011a7b140b413dcad818f1da41a721f914f1af604d0e217,,93a41e67f539b469a8c2855bc577805d4dc6a7ffcb8c648b11097c9d58ffbec7,2f7b8a6fd3cfbbae9897b4ef4dc9dcfd1bf7744619d5818ceaca7604d565aee3,e28719c9154bfcdce9c89ab5c91529eb27403ce54483eac494708c0f072b1f09,790e08faf1856d8307d56500e0143cdb36225ae10c3542287e33b8efd6c1a33e
GEO_SG1,32,1,2,R_high,GEO,single,G1,G1,G1,G1,2f88e9ce00d238e7e011a7b140b413dcad818f1da41a721f914f1af604d0e217,2f88e9ce00d238e7e011a7b140b413dcad818f1da41a721f914f1af604d0e217,2f88e9ce00d238e7e011a7b140b413dcad818f1da41a721f914f1af604d0e217,2f88e9ce00d238e7e011a7b140b413dcad818f1da41a721f914f1af604d0e217,2f88e9ce00d238e7e011a7b140b413dcad818f1da41a721f914f1af604d0e217,2f88e9ce00d238e7e011a7b140b413dcad818f1da41a721f914f1af604d0e217,2f88e9ce00d238e7e011a7b140b413dcad818f1da41a721f914f1af604d0e217,2f88e9ce00d238e7e011a7b140b413dcad818f1da41a721f914f1af604d0e217,,93a41e67f539b469a8c2855bc577805d4dc6a7ffcb8c648b11097c9d58ffbec7,2f7b8a6fd3cfbbae9897b4ef4dc9dcfd1bf7744619d5818ceaca7604d565aee3,e28719c9154bfcdce9c89ab5c91529eb27403ce54483eac494708c0f072b1f09,790e08faf1856d8307d56500e0143cdb36225ae10c3542287e33b8efd6c1a33e
GEO_SG1,32,1,3,R_high,GEO,single,G1,G1,G1,G1,2f88e9ce00d238e7e011a7b140b413dcad818f1da41a721f914f1af604d0e217,2f88e9ce00d238e7e011a7b140b413dcad818f1da41a721f914f1af604d0e217,2f88e9ce00d238e7e011a7b140b413dcad818f1da41a721f914f1af604d0e217,2f88e9ce00d238e7e011a7b140b413dcad818f1da41a721f914f1af604d0e217,2f88e9ce00d238e7e011a7b140b413dcad818f1da41a721f914f1af604d0e217,2f88e9ce00d238e7e011a7b140b413dcad818f1da41a721f914f1af604d0e217,2f88e9ce00d238e7e011a7b140b413dcad818f1da41a721f914f1af604d0e217,2f88e9ce00d238e7e011a7b140b413dcad818f1da41a721f914f1af604d0e217,,93a41e67f539b469a8c2855bc577805d4dc6a7ffcb8c648b11097c9d58ffbec7,2f7b8a6fd3cfbbae9897b4ef4dc9dcfd1bf7744619d5818ceaca7604d565aee3,e28719c9154bfcdce9c89ab5c91529eb27403ce54483eac494708c0f072b1f09,790e08faf1856d8307d56500e0143cdb36225ae10c3542287e33b8efd6c1a33e
GEO_SG2,8,4,0,R_low,GEO,single,G2,G2,G2,G2,d59fc11ea3b51e216c86d815e1ab70aaf324d0eb6f1cadc49df7a3430b326409,d59fc11ea3b51e216c86d815e1ab70aaf324d0eb6f1cadc49df7a3430b326409,d59fc11ea3b51e216c86d815e1ab70aaf324d0eb6f1cadc49df7a3430b326409,d59fc11ea3b51e216c86d815e1ab70aaf324d0eb6f1cadc49df7a3430b326409,d59fc11ea3b51e216c86d815e1ab70aaf324d0eb6f1cadc49df7a3430b326409,d59fc11ea3b51e216c86d815e1ab70aaf324d0eb6f1cadc49df7a3430b326409,d59fc11ea3b51e216c86d815e1ab70aaf324d0eb6f1cadc49df7a3430b326409,d59fc11ea3b51e216c86d815e1ab70aaf324d0eb6f1cadc49df7a3430b326409,,93a41e67f539b469a8c2855bc577805d4dc6a7ffcb8c648b11097c9d58ffbec7,2f7b8a6fd3cfbbae9897b4ef4dc9dcfd1bf7744619d5818ceaca7604d565aee3,e28719c9154bfcdce9c89ab5c91529eb27403ce54483eac494708c0f072b1f09,790e08faf1856d8307d56500e0143cdb36225ae10c3542287e33b8efd6c1a33e
GEO_SG2,8,4,1,R_low,GEO,single,G2,G2,G2,G2,d59fc11ea3b51e216c86d815e1ab70aaf324d0eb6f1cadc49df7a3430b326409,d59fc11ea3b51e216c86d815e1ab70aaf324d0eb6f1cadc49df7a3430b326409,d59fc11ea3b51e216c86d815e1ab70aaf324d0eb6f1cadc49df7a3430b326409,d59fc11ea3b51e216c86d815e1ab70aaf324d0eb6f1cadc49df7a3430b326409,d59fc11ea3b51e216c86d815e1ab70aaf324d0eb6f1cadc49df7a3430b326409,d59fc11ea3b51e216c86d815e1ab70aaf324d0eb6f1cadc49df7a3430b326409,d59fc11ea3b51e216c86d815e1ab70aaf324d0eb6f1cadc49df7a3430b326409,d59fc11ea3b51e216c86d815e1ab70aaf324d0eb6f1cadc49df7a3430b326409,,93a41e67f539b469a8c2855bc577805d4dc6a7ffcb8c648b11097c9d58ffbec7,2f7b8a6fd3cfbbae9897b4ef4dc9dcfd1bf7744619d5818ceaca7604d565aee3,e28719c9154bfcdce9c89ab5c91529eb27403ce54483eac494708c0f072b1f09,790e08faf1856d8307d56500e0143cdb36225ae10c3542287e33b8efd6c1a33e
GEO_SG2,8,4,2,R_low,GEO,single,G2,G2,G2,G2,d59fc11ea3b51e216c86d815e1ab70aaf324d0eb6f1cadc49df7a3430b326409,d59fc11ea3b51e216c86d815e1ab70aaf324d0eb6f1cadc49df7a3430b326409,d59fc11ea3b51e216c86d815e1ab70aaf324d0eb6f1cadc49df7a3430b326409,d59fc11ea3b51e216c86d815e1ab70aaf324d0eb6f1cadc49df7a3430b326409,d59fc11ea3b51e216c86d815e1ab70aaf324d0eb6f1cadc49df7a3430b326409,d59fc11ea3b51e216c86d815e1ab70aaf324d0eb6f1cadc49df7a3430b326409,d59fc11ea3b51e216c86d815e1ab70aaf324d0eb6f1cadc49df7a3430b326409,d59fc11ea3b51e216c86d815e1ab70aaf324d0eb6f1cadc49df7a3430b326409,,93a41e67f539b469a8c2855bc577805d4dc6a7ffcb8c648b11097c9d58ffbec7,2f7b8a6fd3cfbbae9897b4ef4dc9dcfd1bf7744619d5818ceaca7604d565aee3,e28719c9154bfcdce9c89ab5c91529eb27403ce54483eac494708c0f072b1f09,790e08faf1856d8307d56500e0143cdb36225ae10c3542287e33b8efd6c1a33e
GEO_SG2,8,4,3,R_low,GEO,single,G2,G2,G2,G2,d59fc11ea3b51e216c86d815e1ab70aaf324d0eb6f1cadc49df7a3430b326409,d59fc11ea3b51e216c86d815e1ab70aaf324d0eb6f1cadc49df7a3430b326409,d59fc11ea3b51e216c86d815e1ab70aaf324d0eb6f1cadc49df7a3430b326409,d59fc11ea3b51e216c86d815e1ab70aaf324d0eb6f1cadc49df7a3430b326409,d59fc11ea3b51e216c86d815e1ab70aaf324d0eb6f1cadc49df7a3430b326409,d59fc11ea3b51e216c86d815e1ab70aaf324d0eb6f1cadc49df7a3430b326409,d59fc11ea3b51e216c86d815e1ab70aaf324d0eb6f1cadc49df7a3430b326409,d59fc11ea3b51e216c86d815e1ab70aaf324d0eb6f1cadc49df7a3430b326409,,93a41e67f539b469a8c2855bc577805d4dc6a7ffcb8c648b11097c9d58ffbec7,2f7b8a6fd3cfbbae9897b4ef4dc9dcfd1bf7744619d5818ceaca7604d565aee3,e28719c9154bfcdce9c89ab5c91529eb27403ce54483eac494708c0f072b1f09,790e08faf1856d8307d56500e0143cdb36225ae10c3542287e33b8efd6c1a33e
GEO_SG2,32,1,0,R_high,GEO,single,G2,G2,G2,G2,13fb736df60dd343e1e400c6e732f0ca41f7d56fb9257d4ece67ca7e9d5603ae,13fb736df60dd343e1e400c6e732f0ca41f7d56fb9257d4ece67ca7e9d5603ae,13fb736df60dd343e1e400c6e732f0ca41f7d56fb9257d4ece67ca7e9d5603ae,13fb736df60dd343e1e400c6e732f0ca41f7d56fb9257d4ece67ca7e9d5603ae,13fb736df60dd343e1e400c6e732f0ca41f7d56fb9257d4ece67ca7e9d5603ae,13fb736df60dd343e1e400c6e732f0ca41f7d56fb9257d4ece67ca7e9d5603ae,13fb736df60dd343e1e400c6e732f0ca41f7d56fb9257d4ece67ca7e9d5603ae,13fb736df60dd343e1e400c6e732f0ca41f7d56fb9257d4ece67ca7e9d5603ae,,93a41e67f539b469a8c2855bc577805d4dc6a7ffcb8c648b11097c9d58ffbec7,2f7b8a6fd3cfbbae9897b4ef4dc9dcfd1bf7744619d5818ceaca7604d565aee3,e28719c9154bfcdce9c89ab5c91529eb27403ce54483eac494708c0f072b1f09,790e08faf1856d8307d56500e0143cdb36225ae10c3542287e33b8efd6c1a33e
GEO_SG2,32,1,1,R_high,GEO,single,G2,G2,G2,G2,13fb736df60dd343e1e400c6e732f0ca41f7d56fb9257d4ece67ca7e9d5603ae,13fb736df60dd343e1e400c6e732f0ca41f7d56fb9257d4ece67ca7e9d5603ae,13fb736df60dd343e1e400c6e732f0ca41f7d56fb9257d4ece67ca7e9d5603ae,13fb736df60dd343e1e400c6e732f0ca41f7d56fb9257d4ece67ca7e9d5603ae,13fb736df60dd343e1e400c6e732f0ca41f7d56fb9257d4ece67ca7e9d5603ae,13fb736df60dd343e1e400c6e732f0ca41f7d56fb9257d4ece67ca7e9d5603ae,13fb736df60dd343e1e400c6e732f0ca41f7d56fb9257d4ece67ca7e9d5603ae,13fb736df60dd343e1e400c6e732f0ca41f7d56fb9257d4ece67ca7e9d5603ae,,93a41e67f539b469a8c2855bc577805d4dc6a7ffcb8c648b11097c9d58ffbec7,2f7b8a6fd3cfbbae9897b4ef4dc9dcfd1bf7744619d5818ceaca7604d565aee3,e28719c9154bfcdce9c89ab5c91529eb27403ce54483eac494708c0f072b1f09,790e08faf1856d8307d56500e0143cdb36225ae10c3542287e33b8efd6c1a33e
GEO_SG2,32,1,2,R_high,GEO,single,G2,G2,G2,G2,13fb736df60dd343e1e400c6e732f0ca41f7d56fb9257d4ece67ca7e9d5603ae,13fb736df60dd343e1e400c6e732f0ca41f7d56fb9257d4ece67ca7e9d5603ae,13fb736df60dd343e1e400c6e732f0ca41f7d56fb9257d4ece67ca7e9d5603ae,13fb736df60dd343e1e400c6e732f0ca41f7d56fb9257d4ece67ca7e9d5603ae,13fb736df60dd343e1e400c6e732f0ca41f7d56fb9257d4ece67ca7e9d5603ae,13fb736df60dd343e1e400c6e732f0ca41f7d56fb9257d4ece67ca7e9d5603ae,13fb736df60dd343e1e400c6e732f0ca41f7d56fb9257d4ece67ca7e9d5603ae,13fb736df60dd343e1e400c6e732f0ca41f7d56fb9257d4ece67ca7e9d5603ae,,93a41e67f539b469a8c2855bc577805d4dc6a7ffcb8c648b11097c9d58ffbec7,2f7b8a6fd3cfbbae9897b4ef4dc9dcfd1bf7744619d5818ceaca7604d565aee3,e28719c9154bfcdce9c89ab5c91529eb27403ce54483eac494708c0f072b1f09,790e08faf1856d8307d56500e0143cdb36225ae10c3542287e33b8efd6c1a33e
GEO_SG2,32,1,3,R_high,GEO,single,G2,G2,G2,G2,13fb736df60dd343e1e400c6e732f0ca41f7d56fb9257d4ece67ca7e9d5603ae,13fb736df60dd343e1e400c6e732f0ca41f7d56fb9257d4ece67ca7e9d5603ae,13fb736df60dd343e1e400c6e732f0ca41f7d56fb9257d4ece67ca7e9d5603ae,13fb736df60dd343e1e400c6e732f0ca41f7d56fb9257d4ece67ca7e9d5603ae,13fb736df60dd343e1e400c6e732f0ca41f7d56fb9257d4ece67ca7e9d5603ae,13fb736df60dd343e1e400c6e732f0ca41f7d56fb9257d4ece67ca7e9d5603ae,13fb736df60dd343e1e400c6e732f0ca41f7d56fb9257d4ece67ca7e9d5603ae,13fb736df60dd343e1e400c6e732f0ca41f7d56fb9257d4ece67ca7e9d5603ae,,93a41e67f539b469a8c2855bc577805d4dc6a7ffcb8c648b11097c9d58ffbec7,2f7b8a6fd3cfbbae9897b4ef4dc9dcfd1bf7744619d5818ceaca7604d565aee3,e28719c9154bfcdce9c89ab5c91529eb27403ce54483eac494708c0f072b1f09,790e08faf1856d8307d56500e0143cdb36225ae10c3542287e33b8efd6c1a33e
GEO_SG3,8,4,0,R_low,GEO,single,G3,G3,G3,G3,5ed8e2f5b9fd5540cc477519a2df2594e85199bd45e26a5cd5f4d4355727ac80,5ed8e2f5b9fd5540cc477519a2df2594e85199bd45e26a5cd5f4d4355727ac80,5ed8e2f5b9fd5540cc477519a2df2594e85199bd45e26a5cd5f4d4355727ac80,5ed8e2f5b9fd5540cc477519a2df2594e85199bd45e26a5cd5f4d4355727ac80,5ed8e2f5b9fd5540cc477519a2df2594e85199bd45e26a5cd5f4d4355727ac80,5ed8e2f5b9fd5540cc477519a2df2594e85199bd45e26a5cd5f4d4355727ac80,5ed8e2f5b9fd5540cc477519a2df2594e85199bd45e26a5cd5f4d4355727ac80,5ed8e2f5b9fd5540cc477519a2df2594e85199bd45e26a5cd5f4d4355727ac80,,93a41e67f539b469a8c2855bc577805d4dc6a7ffcb8c648b11097c9d58ffbec7,2f7b8a6fd3cfbbae9897b4ef4dc9dcfd1bf7744619d5818ceaca7604d565aee3,e28719c9154bfcdce9c89ab5c91529eb27403ce54483eac494708c0f072b1f09,790e08faf1856d8307d56500e0143cdb36225ae10c3542287e33b8efd6c1a33e
GEO_SG3,8,4,1,R_low,GEO,single,G3,G3,G3,G3,5ed8e2f5b9fd5540cc477519a2df2594e85199bd45e26a5cd5f4d4355727ac80,5ed8e2f5b9fd5540cc477519a2df2594e85199bd45e26a5cd5f4d4355727ac80,5ed8e2f5b9fd5540cc477519a2df2594e85199bd45e26a5cd5f4d4355727ac80,5ed8e2f5b9fd5540cc477519a2df2594e85199bd45e26a5cd5f4d4355727ac80,5ed8e2f5b9fd5540cc477519a2df2594e85199bd45e26a5cd5f4d4355727ac80,5ed8e2f5b9fd5540cc477519a2df2594e85199bd45e26a5cd5f4d4355727ac80,5ed8e2f5b9fd5540cc477519a2df2594e85199bd45e26a5cd5f4d4355727ac80,5ed8e2f5b9fd5540cc477519a2df2594e85199bd45e26a5cd5f4d4355727ac80,,93a41e67f539b469a8c2855bc577805d4dc6a7ffcb8c648b11097c9d58ffbec7,2f7b8a6fd3cfbbae9897b4ef4dc9dcfd1bf7744619d5818ceaca7604d565aee3,e28719c9154bfcdce9c89ab5c91529eb27403ce54483eac494708c0f072b1f09,790e08faf1856d8307d56500e0143cdb36225ae10c3542287e33b8efd6c1a33e
GEO_SG3,8,4,2,R_low,GEO,single,G3,G3,G3,G3,5ed8e2f5b9fd5540cc477519a2df2594e85199bd45e26a5cd5f4d4355727ac80,5ed8e2f5b9fd5540cc477519a2df2594e85199bd45e26a5cd5f4d4355727ac80,5ed8e2f5b9fd5540cc477519a2df2594e85199bd45e26a5cd5f4d4355727ac80,5ed8e2f5b9fd5540cc477519a2df2594e85199bd45e26a5cd5f4d4355727ac80,5ed8e2f5b9fd5540cc477519a2df2594e85199bd45e26a5cd5f4d4355727ac80,5ed8e2f5b9fd5540cc477519a2df2594e85199bd45e26a5cd5f4d4355727ac80,5ed8e2f5b9fd5540cc477519a2df2594e85199bd45e26a5cd5f4d4355727ac80,5ed8e2f5b9fd5540cc477519a2df2594e85199bd45e26a5cd5f4d4355727ac80,,93a41e67f539b469a8c2855bc577805d4dc6a7ffcb8c648b11097c9d58ffbec7,2f7b8a6fd3cfbbae9897b4ef4dc9dcfd1bf7744619d5818ceaca7604d565aee3,e28719c9154bfcdce9c89ab5c91529eb27403ce54483eac494708c0f072b1f09,790e08faf1856d8307d56500e0143cdb36225ae10c3542287e33b8efd6c1a33e
GEO_SG3,8,4,3,R_low,GEO,single,G3,G3,G3,G3,5ed8e2f5b9fd5540cc477519a2df2594e85199bd45e26a5cd5f4d4355727ac80,5ed8e2f5b9fd5540cc477519a2df2594e85199bd45e26a5cd5f4d4355727ac80,5ed8e2f5b9fd5540cc477519a2df2594e85199bd45e26a5cd5f4d4355727ac80,5ed8e2f5b9fd5540cc477519a2df2594e85199bd45e26a5cd5f4d4355727ac80,5ed8e2f5b9fd5540cc477519a2df2594e85199bd45e26a5cd5f4d4355727ac80,5ed8e2f5b9fd5540cc477519a2df2594e85199bd45e26a5cd5f4d4355727ac80,5ed8e2f5b9fd5540cc477519a2df2594e85199bd45e26a5cd5f4d4355727ac80,5ed8e2f5b9fd5540cc477519a2df2594e85199bd45e26a5cd5f4d4355727ac80,,93a41e67f539b469a8c2855bc577805d4dc6a7ffcb8c648b11097c9d58ffbec7,2f7b8a6fd3cfbbae9897b4ef4dc9dcfd1bf7744619d5818ceaca7604d565aee3,e28719c9154bfcdce9c89ab5c91529eb27403ce54483eac494708c0f072b1f09,790e08faf1856d8307d56500e0143cdb36225ae10c3542287e33b8efd6c1a33e
GEO_SG3,32,1,0,R_high,GEO,single,G3,G3,G3,G3,4866eb1209dd9930d4708d9c8430c978b618be72e5a2277de7610c608a8d86fb,4866eb1209dd9930d4708d9c8430c978b618be72e5a2277de7610c608a8d86fb,4866eb1209dd9930d4708d9c8430c978b618be72e5a2277de7610c608a8d86fb,4866eb1209dd9930d4708d9c8430c978b618be72e5a2277de7610c608a8d86fb,4866eb1209dd9930d4708d9c8430c978b618be72e5a2277de7610c608a8d86fb,4866eb1209dd9930d4708d9c8430c978b618be72e5a2277de7610c608a8d86fb,4866eb1209dd9930d4708d9c8430c978b618be72e5a2277de7610c608a8d86fb,4866eb1209dd9930d4708d9c8430c978b618be72e5a2277de7610c608a8d86fb,,93a41e67f539b469a8c2855bc577805d4dc6a7ffcb8c648b11097c9d58ffbec7,2f7b8a6fd3cfbbae9897b4ef4dc9dcfd1bf7744619d5818ceaca7604d565aee3,e28719c9154bfcdce9c89ab5c91529eb27403ce54483eac494708c0f072b1f09,790e08faf1856d8307d56500e0143cdb36225ae10c3542287e33b8efd6c1a33e
GEO_SG3,32,1,1,R_high,GEO,single,G3,G3,G3,G3,4866eb1209dd9930d4708d9c8430c978b618be72e5a2277de7610c608a8d86fb,4866eb1209dd9930d4708d9c8430c978b618be72e5a2277de7610c608a8d86fb,4866eb1209dd9930d4708d9c8430c978b618be72e5a2277de7610c608a8d86fb,4866eb1209dd9930d4708d9c8430c978b618be72e5a2277de7610c608a8d86fb,4866eb1209dd9930d4708d9c8430c978b618be72e5a2277de7610c608a8d86fb,4866eb1209dd9930d4708d9c8430c978b618be72e5a2277de7610c608a8d86fb,4866eb1209dd9930d4708d9c8430c978b618be72e5a2277de7610c608a8d86fb,4866eb1209dd9930d4708d9c8430c978b618be72e5a2277de7610c608a8d86fb,,93a41e67f539b469a8c2855bc577805d4dc6a7ffcb8c648b11097c9d58ffbec7,2f7b8a6fd3cfbbae9897b4ef4dc9dcfd1bf7744619d5818ceaca7604d565aee3,e28719c9154bfcdce9c89ab5c91529eb27403ce54483eac494708c0f072b1f09,790e08faf1856d8307d56500e0143cdb36225ae10c3542287e33b8efd6c1a33e
GEO_SG3,32,1,2,R_high,GEO,single,G3,G3,G3,G3,4866eb1209dd9930d4708d9c8430c978b618be72e5a2277de7610c608a8d86fb,4866eb1209dd9930d4708d9c8430c978b618be72e5a2277de7610c608a8d86fb,4866eb1209dd9930d4708d9c8430c978b618be72e5a2277de7610c608a8d86fb,4866eb1209dd9930d4708d9c8430c978b618be72e5a2277de7610c608a8d86fb,4866eb1209dd9930d4708d9c8430c978b618be72e5a2277de7610c608a8d86fb,4866eb1209dd9930d4708d9c8430c978b618be72e5a2277de7610c608a8d86fb,4866eb1209dd9930d4708d9c8430c978b618be72e5a2277de7610c608a8d86fb,4866eb1209dd9930d4708d9c8430c978b618be72e5a2277de7610c608a8d86fb,,93a41e67f539b469a8c2855bc577805d4dc6a7ffcb8c648b11097c9d58ffbec7,2f7b8a6fd3cfbbae9897b4ef4dc9dcfd1bf7744619d5818ceaca7604d565aee3,e28719c9154bfcdce9c89ab5c91529eb27403ce54483eac494708c0f072b1f09,790e08faf1856d8307d56500e0143cdb36225ae10c3542287e33b8efd6c1a33e
GEO_SG3,32,1,3,R_high,GEO,single,G3,G3,G3,G3,4866eb1209dd9930d4708d9c8430c978b618be72e5a2277de7610c608a8d86fb,4866eb1209dd9930d4708d9c8430c978b618be72e5a2277de7610c608a8d86fb,4866eb1209dd9930d4708d9c8430c978b618be72e5a2277de7610c608a8d86fb,4866eb1209dd9930d4708d9c8430c978b618be72e5a2277de7610c608a8d86fb,4866eb1209dd9930d4708d9c8430c978b618be72e5a2277de7610c608a8d86fb,4866eb1209dd9930d4708d9c8430c978b618be72e5a2277de7610c608a8d86fb,4866eb1209dd9930d4708d9c8430c978b618be72e5a2277de7610c608a8d86fb,4866eb1209dd9930d4708d9c8430c978b618be72e5a2277de7610c608a8d86fb,,93a41e67f539b469a8c2855bc577805d4dc6a7ffcb8c648b11097c9d58ffbec7,2f7b8a6fd3cfbbae9897b4ef4dc9dcfd1bf7744619d5818ceaca7604d565aee3,e28719c9154bfcdce9c89ab5c91529eb27403ce54483eac494708c0f072b1f09,790e08faf1856d8307d56500e0143cdb36225ae10c3542287e33b8efd6c1a33e
GEO_SG4,8,4,0,R_low,GEO,single,G4,G4,G4,G4,bd6dc828145e94574fc641e85e2f57ef055aca35995427cc5be5e0a476ceb85a,bd6dc828145e94574fc641e85e2f57ef055aca35995427cc5be5e0a476ceb85a,bd6dc828145e94574fc641e85e2f57ef055aca35995427cc5be5e0a476ceb85a,bd6dc828145e94574fc641e85e2f57ef055aca35995427cc5be5e0a476ceb85a,bd6dc828145e94574fc641e85e2f57ef055aca35995427cc5be5e0a476ceb85a,bd6dc828145e94574fc641e85e2f57ef055aca35995427cc5be5e0a476ceb85a,bd6dc828145e94574fc641e85e2f57ef055aca35995427cc5be5e0a476ceb85a,bd6dc828145e94574fc641e85e2f57ef055aca35995427cc5be5e0a476ceb85a,,93a41e67f539b469a8c2855bc577805d4dc6a7ffcb8c648b11097c9d58ffbec7,2f7b8a6fd3cfbbae9897b4ef4dc9dcfd1bf7744619d5818ceaca7604d565aee3,e28719c9154bfcdce9c89ab5c91529eb27403ce54483eac494708c0f072b1f09,790e08faf1856d8307d56500e0143cdb36225ae10c3542287e33b8efd6c1a33e
GEO_SG4,8,4,1,R_low,GEO,single,G4,G4,G4,G4,bd6dc828145e94574fc641e85e2f57ef055aca35995427cc5be5e0a476ceb85a,bd6dc828145e94574fc641e85e2f57ef055aca35995427cc5be5e0a476ceb85a,bd6dc828145e94574fc641e85e2f57ef055aca35995427cc5be5e0a476ceb85a,bd6dc828145e94574fc641e85e2f57ef055aca35995427cc5be5e0a476ceb85a,bd6dc828145e94574fc641e85e2f57ef055aca35995427cc5be5e0a476ceb85a,bd6dc828145e94574fc641e85e2f57ef055aca35995427cc5be5e0a476ceb85a,bd6dc828145e94574fc641e85e2f57ef055aca35995427cc5be5e0a476ceb85a,bd6dc828145e94574fc641e85e2f57ef055aca35995427cc5be5e0a476ceb85a,,93a41e67f539b469a8c2855bc577805d4dc6a7ffcb8c648b11097c9d58ffbec7,2f7b8a6fd3cfbbae9897b4ef4dc9dcfd1bf7744619d5818ceaca7604d565aee3,e28719c9154bfcdce9c89ab5c91529eb27403ce54483eac494708c0f072b1f09,790e08faf1856d8307d56500e0143cdb36225ae10c3542287e33b8efd6c1a33e
GEO_SG4,8,4,2,R_low,GEO,single,G4,G4,G4,G4,bd6dc828145e94574fc641e85e2f57ef055aca35995427cc5be5e0a476ceb85a,bd6dc828145e94574fc641e85e2f57ef055aca35995427cc5be5e0a476ceb85a,bd6dc828145e94574fc641e85e2f57ef055aca35995427cc5be5e0a476ceb85a,bd6dc828145e94574fc641e85e2f57ef055aca35995427cc5be5e0a476ceb85a,bd6dc828145e94574fc641e85e2f57ef055aca35995427cc5be5e0a476ceb85a,bd6dc828145e94574fc641e85e2f57ef055aca35995427cc5be5e0a476ceb85a,bd6dc828145e94574fc641e85e2f57ef055aca35995427cc5be5e0a476ceb85a,bd6dc828145e94574fc641e85e2f57ef055aca35995427cc5be5e0a476ceb85a,,93a41e67f539b469a8c2855bc577805d4dc6a7ffcb8c648b11097c9d58ffbec7,2f7b8a6fd3cfbbae9897b4ef4dc9dcfd1bf7744619d5818ceaca7604d565aee3,e28719c9154bfcdce9c89ab5c91529eb27403ce54483eac494708c0f072b1f09,790e08faf1856d8307d56500e0143cdb36225ae10c3542287e33b8efd6c1a33e
GEO_SG4,8,4,3,R_low,GEO,single,G4,G4,G4,G4,bd6dc828145e94574fc641e85e2f57ef055aca35995427cc5be5e0a476ceb85a,bd6dc828145e94574fc641e85e2f57ef055aca35995427cc5be5e0a476ceb85a,bd6dc828145e94574fc641e85e2f57ef055aca35995427cc5be5e0a476ceb85a,bd6dc828145e94574fc641e85e2f57ef055aca35995427cc5be5e0a476ceb85a,bd6dc828145e94574fc641e85e2f57ef055aca35995427cc5be5e0a476ceb85a,bd6dc828145e94574fc641e85e2f57ef055aca35995427cc5be5e0a476ceb85a,bd6dc828145e94574fc641e85e2f57ef055aca35995427cc5be5e0a476ceb85a,bd6dc828145e94574fc641e85e2f57ef055aca35995427cc5be5e0a476ceb85a,,93a41e67f539b469a8c2855bc577805d4dc6a7ffcb8c648b11097c9d58ffbec7,2f7b8a6fd3cfbbae9897b4ef4dc9dcfd1bf7744619d5818ceaca7604d565aee3,e28719c9154bfcdce9c89ab5c91529eb27403ce54483eac494708c0f072b1f09,790e08faf1856d8307d56500e0143cdb36225ae10c3542287e33b8efd6c1a33e
GEO_SG4,32,1,0,R_high,GEO,single,G4,G4,G4,G4,9a0339c5ef07024172bd29561bef67e2f5e03c1863a4987a3cc571cc683ae748,9a0339c5ef07024172bd29561bef67e2f5e03c1863a4987a3cc571cc683ae748,9a0339c5ef07024172bd29561bef67e2f5e03c1863a4987a3cc571cc683ae748,9a0339c5ef07024172bd29561bef67e2f5e03c1863a4987a3cc571cc683ae748,9a0339c5ef07024172bd29561bef67e2f5e03c1863a4987a3cc571cc683ae748,9a0339c5ef07024172bd29561bef67e2f5e03c1863a4987a3cc571cc683ae748,9a0339c5ef07024172bd29561bef67e2f5e03c1863a4987a3cc571cc683ae748,9a0339c5ef07024172bd29561bef67e2f5e03c1863a4987a3cc571cc683ae748,,93a41e67f539b469a8c2855bc577805d4dc6a7ffcb8c648b11097c9d58ffbec7,2f7b8a6fd3cfbbae9897b4ef4dc9dcfd1bf7744619d5818ceaca7604d565aee3,e28719c9154bfcdce9c89ab5c91529eb27403ce54483eac494708c0f072b1f09,790e08faf1856d8307d56500e0143cdb36225ae10c3542287e33b8efd6c1a33e
GEO_SG4,32,1,1,R_high,GEO,single,G4,G4,G4,G4,9a0339c5ef07024172bd29561bef67e2f5e03c1863a4987a3cc571cc683ae748,9a0339c5ef07024172bd29561bef67e2f5e03c1863a4987a3cc571cc683ae748,9a0339c5ef07024172bd29561bef67e2f5e03c1863a4987a3cc571cc683ae748,9a0339c5ef07024172bd29561bef67e2f5e03c1863a4987a3cc571cc683ae748,9a0339c5ef07024172bd29561bef67e2f5e03c1863a4987a3cc571cc683ae748,9a0339c5ef07024172bd29561bef67e2f5e03c1863a4987a3cc571cc683ae748,9a0339c5ef07024172bd29561bef67e2f5e03c1863a4987a3cc571cc683ae748,9a0339c5ef07024172bd29561bef67e2f5e03c1863a4987a3cc571cc683ae748,,93a41e67f539b469a8c2855bc577805d4dc6a7ffcb8c648b11097c9d58ffbec7,2f7b8a6fd3cfbbae9897b4ef4dc9dcfd1bf7744619d5818ceaca7604d565aee3,e28719c9154bfcdce9c89ab5c91529eb27403ce54483eac494708c0f072b1f09,790e08faf1856d8307d56500e0143cdb36225ae10c3542287e33b8efd6c1a33e
GEO_SG4,32,1,2,R_high,GEO,single,G4,G4,G4,G4,9a0339c5ef07024172bd29561bef67e2f5e03c1863a4987a3cc571cc683ae748,9a0339c5ef07024172bd29561bef67e2f5e03c1863a4987a3cc571cc683ae748,9a0339c5ef07024172bd29561bef67e2f5e03c1863a4987a3cc571cc683ae748,9a0339c5ef07024172bd29561bef67e2f5e03c1863a4987a3cc571cc683ae748,9a0339c5ef07024172bd29561bef67e2f5e03c1863a4987a3cc571cc683ae748,9a0339c5ef07024172bd29561bef67e2f5e03c1863a4987a3cc571cc683ae748,9a0339c5ef07024172bd29561bef67e2f5e03c1863a4987a3cc571cc683ae748,9a0339c5ef07024172bd29561bef67e2f5e03c1863a4987a3cc571cc683ae748,,93a41e67f539b469a8c2855bc577805d4dc6a7ffcb8c648b11097c9d58ffbec7,2f7b8a6fd3cfbbae9897b4ef4dc9dcfd1bf7744619d5818ceaca7604d565aee3,e28719c9154bfcdce9c89ab5c91529eb27403ce54483eac494708c0f072b1f09,790e08faf1856d8307d56500e0143cdb36225ae10c3542287e33b8efd6c1a33e
GEO_SG4,32,1,3,R_high,GEO,single,G4,G4,G4,G4,9a0339c5ef07024172bd29561bef67e2f5e03c1863a4987a3cc571cc683ae748,9a0339c5ef07024172bd29561bef67e2f5e03c1863a4987a3cc571cc683ae748,9a0339c5ef07024172bd29561bef67e2f5e03c1863a4987a3cc571cc683ae748,9a0339c5ef07024172bd29561bef67e2f5e03c1863a4987a3cc571cc683ae748,9a0339c5ef07024172bd29561bef67e2f5e03c1863a4987a3cc571cc683ae748,9a0339c5ef07024172bd29561bef67e2f5e03c1863a4987a3cc571cc683ae748,9a0339c5ef07024172bd29561bef67e2f5e03c1863a4987a3cc571cc683ae748,9a0339c5ef07024172bd29561bef67e2f5e03c1863a4987a3cc571cc683ae748,,93a41e67f539b469a8c2855bc577805d4dc6a7ffcb8c648b11097c9d58ffbec7,2f7b8a6fd3cfbbae9897b4ef4dc9dcfd1bf7744619d5818ceaca7604d565aee3,e28719c9154bfcdce9c89ab5c91529eb27403ce54483eac494708c0f072b1f09,790e08faf1856d8307d56500e0143cdb36225ae10c3542287e33b8efd6c1a33e
GEO_DIV,8,4,0,R_low,GEO,diverse,G1,G2,G3,G4,7a4644928f3a08db905254fd7e5e53ef19a46d932a2ecd372b45462413a82619,d59fc11ea3b51e216c86d815e1ab70aaf324d0eb6f1cadc49df7a3430b326409,5ed8e2f5b9fd5540cc477519a2df2594e85199bd45e26a5cd5f4d4355727ac80,bd6dc828145e94574fc641e85e2f57ef055aca35995427cc5be5e0a476ceb85a,7a4644928f3a08db905254fd7e5e53ef19a46d932a2ecd372b45462413a82619,d59fc11ea3b51e216c86d815e1ab70aaf324d0eb6f1cadc49df7a3430b326409,5ed8e2f5b9fd5540cc477519a2df2594e85199bd45e26a5cd5f4d4355727ac80,bd6dc828145e94574fc641e85e2f57ef055aca35995427cc5be5e0a476ceb85a,0,93a41e67f539b469a8c2855bc577805d4dc6a7ffcb8c648b11097c9d58ffbec7,2f7b8a6fd3cfbbae9897b4ef4dc9dcfd1bf7744619d5818ceaca7604d565aee3,e28719c9154bfcdce9c89ab5c91529eb27403ce54483eac494708c0f072b1f09,790e08faf1856d8307d56500e0143cdb36225ae10c3542287e33b8efd6c1a33e
GEO_DIV,8,4,1,R_low,GEO,diverse,G2,G3,G4,G1,d59fc11ea3b51e216c86d815e1ab70aaf324d0eb6f1cadc49df7a3430b326409,5ed8e2f5b9fd5540cc477519a2df2594e85199bd45e26a5cd5f4d4355727ac80,bd6dc828145e94574fc641e85e2f57ef055aca35995427cc5be5e0a476ceb85a,7a4644928f3a08db905254fd7e5e53ef19a46d932a2ecd372b45462413a82619,d59fc11ea3b51e216c86d815e1ab70aaf324d0eb6f1cadc49df7a3430b326409,5ed8e2f5b9fd5540cc477519a2df2594e85199bd45e26a5cd5f4d4355727ac80,bd6dc828145e94574fc641e85e2f57ef055aca35995427cc5be5e0a476ceb85a,7a4644928f3a08db905254fd7e5e53ef19a46d932a2ecd372b45462413a82619,1,93a41e67f539b469a8c2855bc577805d4dc6a7ffcb8c648b11097c9d58ffbec7,2f7b8a6fd3cfbbae9897b4ef4dc9dcfd1bf7744619d5818ceaca7604d565aee3,e28719c9154bfcdce9c89ab5c91529eb27403ce54483eac494708c0f072b1f09,790e08faf1856d8307d56500e0143cdb36225ae10c3542287e33b8efd6c1a33e
GEO_DIV,8,4,2,R_low,GEO,diverse,G3,G4,G1,G2,5ed8e2f5b9fd5540cc477519a2df2594e85199bd45e26a5cd5f4d4355727ac80,bd6dc828145e94574fc641e85e2f57ef055aca35995427cc5be5e0a476ceb85a,7a4644928f3a08db905254fd7e5e53ef19a46d932a2ecd372b45462413a82619,d59fc11ea3b51e216c86d815e1ab70aaf324d0eb6f1cadc49df7a3430b326409,5ed8e2f5b9fd5540cc477519a2df2594e85199bd45e26a5cd5f4d4355727ac80,bd6dc828145e94574fc641e85e2f57ef055aca35995427cc5be5e0a476ceb85a,7a4644928f3a08db905254fd7e5e53ef19a46d932a2ecd372b45462413a82619,d59fc11ea3b51e216c86d815e1ab70aaf324d0eb6f1cadc49df7a3430b326409,2,93a41e67f539b469a8c2855bc577805d4dc6a7ffcb8c648b11097c9d58ffbec7,2f7b8a6fd3cfbbae9897b4ef4dc9dcfd1bf7744619d5818ceaca7604d565aee3,e28719c9154bfcdce9c89ab5c91529eb27403ce54483eac494708c0f072b1f09,790e08faf1856d8307d56500e0143cdb36225ae10c3542287e33b8efd6c1a33e
GEO_DIV,8,4,3,R_low,GEO,diverse,G4,G1,G2,G3,bd6dc828145e94574fc641e85e2f57ef055aca35995427cc5be5e0a476ceb85a,7a4644928f3a08db905254fd7e5e53ef19a46d932a2ecd372b45462413a82619,d59fc11ea3b51e216c86d815e1ab70aaf324d0eb6f1cadc49df7a3430b326409,5ed8e2f5b9fd5540cc477519a2df2594e85199bd45e26a5cd5f4d4355727ac80,bd6dc828145e94574fc641e85e2f57ef055aca35995427cc5be5e0a476ceb85a,7a4644928f3a08db905254fd7e5e53ef19a46d932a2ecd372b45462413a82619,d59fc11ea3b51e216c86d815e1ab70aaf324d0eb6f1cadc49df7a3430b326409,5ed8e2f5b9fd5540cc477519a2df2594e85199bd45e26a5cd5f4d4355727ac80,3,93a41e67f539b469a8c2855bc577805d4dc6a7ffcb8c648b11097c9d58ffbec7,2f7b8a6fd3cfbbae9897b4ef4dc9dcfd1bf7744619d5818ceaca7604d565aee3,e28719c9154bfcdce9c89ab5c91529eb27403ce54483eac494708c0f072b1f09,790e08faf1856d8307d56500e0143cdb36225ae10c3542287e33b8efd6c1a33e
GEO_DIV,32,1,0,R_high,GEO,diverse,G1,G2,G3,G4,2f88e9ce00d238e7e011a7b140b413dcad818f1da41a721f914f1af604d0e217,13fb736df60dd343e1e400c6e732f0ca41f7d56fb9257d4ece67ca7e9d5603ae,4866eb1209dd9930d4708d9c8430c978b618be72e5a2277de7610c608a8d86fb,9a0339c5ef07024172bd29561bef67e2f5e03c1863a4987a3cc571cc683ae748,2f88e9ce00d238e7e011a7b140b413dcad818f1da41a721f914f1af604d0e217,13fb736df60dd343e1e400c6e732f0ca41f7d56fb9257d4ece67ca7e9d5603ae,4866eb1209dd9930d4708d9c8430c978b618be72e5a2277de7610c608a8d86fb,9a0339c5ef07024172bd29561bef67e2f5e03c1863a4987a3cc571cc683ae748,0,93a41e67f539b469a8c2855bc577805d4dc6a7ffcb8c648b11097c9d58ffbec7,2f7b8a6fd3cfbbae9897b4ef4dc9dcfd1bf7744619d5818ceaca7604d565aee3,e28719c9154bfcdce9c89ab5c91529eb27403ce54483eac494708c0f072b1f09,790e08faf1856d8307d56500e0143cdb36225ae10c3542287e33b8efd6c1a33e
GEO_DIV,32,1,1,R_high,GEO,diverse,G2,G3,G4,G1,13fb736df60dd343e1e400c6e732f0ca41f7d56fb9257d4ece67ca7e9d5603ae,4866eb1209dd9930d4708d9c8430c978b618be72e5a2277de7610c608a8d86fb,9a0339c5ef07024172bd29561bef67e2f5e03c1863a4987a3cc571cc683ae748,2f88e9ce00d238e7e011a7b140b413dcad818f1da41a721f914f1af604d0e217,13fb736df60dd343e1e400c6e732f0ca41f7d56fb9257d4ece67ca7e9d5603ae,4866eb1209dd9930d4708d9c8430c978b618be72e5a2277de7610c608a8d86fb,9a0339c5ef07024172bd29561bef67e2f5e03c1863a4987a3cc571cc683ae748,2f88e9ce00d238e7e011a7b140b413dcad818f1da41a721f914f1af604d0e217,1,93a41e67f539b469a8c2855bc577805d4dc6a7ffcb8c648b11097c9d58ffbec7,2f7b8a6fd3cfbbae9897b4ef4dc9dcfd1bf7744619d5818ceaca7604d565aee3,e28719c9154bfcdce9c89ab5c91529eb27403ce54483eac494708c0f072b1f09,790e08faf1856d8307d56500e0143cdb36225ae10c3542287e33b8efd6c1a33e
GEO_DIV,32,1,2,R_high,GEO,diverse,G3,G4,G1,G2,4866eb1209dd9930d4708d9c8430c978b618be72e5a2277de7610c608a8d86fb,9a0339c5ef07024172bd29561bef67e2f5e03c1863a4987a3cc571cc683ae748,2f88e9ce00d238e7e011a7b140b413dcad818f1da41a721f914f1af604d0e217,13fb736df60dd343e1e400c6e732f0ca41f7d56fb9257d4ece67ca7e9d5603ae,4866eb1209dd9930d4708d9c8430c978b618be72e5a2277de7610c608a8d86fb,9a0339c5ef07024172bd29561bef67e2f5e03c1863a4987a3cc571cc683ae748,2f88e9ce00d238e7e011a7b140b413dcad818f1da41a721f914f1af604d0e217,13fb736df60dd343e1e400c6e732f0ca41f7d56fb9257d4ece67ca7e9d5603ae,2,93a41e67f539b469a8c2855bc577805d4dc6a7ffcb8c648b11097c9d58ffbec7,2f7b8a6fd3cfbbae9897b4ef4dc9dcfd1bf7744619d5818ceaca7604d565aee3,e28719c9154bfcdce9c89ab5c91529eb27403ce54483eac494708c0f072b1f09,790e08faf1856d8307d56500e0143cdb36225ae10c3542287e33b8efd6c1a33e
GEO_DIV,32,1,3,R_high,GEO,diverse,G4,G1,G2,G3,9a0339c5ef07024172bd29561bef67e2f5e03c1863a4987a3cc571cc683ae748,2f88e9ce00d238e7e011a7b140b413dcad818f1da41a721f914f1af604d0e217,13fb736df60dd343e1e400c6e732f0ca41f7d56fb9257d4ece67ca7e9d5603ae,4866eb1209dd9930d4708d9c8430c978b618be72e5a2277de7610c608a8d86fb,9a0339c5ef07024172bd29561bef67e2f5e03c1863a4987a3cc571cc683ae748,2f88e9ce00d238e7e011a7b140b413dcad818f1da41a721f914f1af604d0e217,13fb736df60dd343e1e400c6e732f0ca41f7d56fb9257d4ece67ca7e9d5603ae,4866eb1209dd9930d4708d9c8430c978b618be72e5a2277de7610c608a8d86fb,3,93a41e67f539b469a8c2855bc577805d4dc6a7ffcb8c648b11097c9d58ffbec7,2f7b8a6fd3cfbbae9897b4ef4dc9dcfd1bf7744619d5818ceaca7604d565aee3,e28719c9154bfcdce9c89ab5c91529eb27403ce54483eac494708c0f072b1f09,790e08faf1856d8307d56500e0143cdb36225ae10c3542287e33b8efd6c1a33e
RND_S1,8,4,0,R_low,RND,single,R1_1,R1_1,R1_1,R1_1,ecc62d496367153ca0615bf7c2da0668de560bdba013dd20d7fc9ae2c0a1323b,ecc62d496367153ca0615bf7c2da0668de560bdba013dd20d7fc9ae2c0a1323b,ecc62d496367153ca0615bf7c2da0668de560bdba013dd20d7fc9ae2c0a1323b,ecc62d496367153ca0615bf7c2da0668de560bdba013dd20d7fc9ae2c0a1323b,a2f23d7ae3f3398df7401f43b5d00bbde01ac2ae975e53aa424f59f1c6481552,a2f23d7ae3f3398df7401f43b5d00bbde01ac2ae975e53aa424f59f1c6481552,a2f23d7ae3f3398df7401f43b5d00bbde01ac2ae975e53aa424f59f1c6481552,a2f23d7ae3f3398df7401f43b5d00bbde01ac2ae975e53aa424f59f1c6481552,,93a41e67f539b469a8c2855bc577805d4dc6a7ffcb8c648b11097c9d58ffbec7,2f7b8a6fd3cfbbae9897b4ef4dc9dcfd1bf7744619d5818ceaca7604d565aee3,e28719c9154bfcdce9c89ab5c91529eb27403ce54483eac494708c0f072b1f09,790e08faf1856d8307d56500e0143cdb36225ae10c3542287e33b8efd6c1a33e
RND_S1,8,4,1,R_low,RND,single,R1_2,R1_2,R1_2,R1_2,8865b853835cde0291abeaeaaaa73c77f731f2d7e758644a05c24f4c7b104c34,8865b853835cde0291abeaeaaaa73c77f731f2d7e758644a05c24f4c7b104c34,8865b853835cde0291abeaeaaaa73c77f731f2d7e758644a05c24f4c7b104c34,8865b853835cde0291abeaeaaaa73c77f731f2d7e758644a05c24f4c7b104c34,c141014c7c1ee7aff0a223b83b6a4405e2a4ee2a94e2a3e5346866dde342e37a,c141014c7c1ee7aff0a223b83b6a4405e2a4ee2a94e2a3e5346866dde342e37a,c141014c7c1ee7aff0a223b83b6a4405e2a4ee2a94e2a3e5346866dde342e37a,c141014c7c1ee7aff0a223b83b6a4405e2a4ee2a94e2a3e5346866dde342e37a,,93a41e67f539b469a8c2855bc577805d4dc6a7ffcb8c648b11097c9d58ffbec7,2f7b8a6fd3cfbbae9897b4ef4dc9dcfd1bf7744619d5818ceaca7604d565aee3,e28719c9154bfcdce9c89ab5c91529eb27403ce54483eac494708c0f072b1f09,790e08faf1856d8307d56500e0143cdb36225ae10c3542287e33b8efd6c1a33e
RND_S1,8,4,2,R_low,RND,single,R1_3,R1_3,R1_3,R1_3,f89e433f5c6317956fec127fe27401a7892f1140bd72329b3f9f1b22cad84390,f89e433f5c6317956fec127fe27401a7892f1140bd72329b3f9f1b22cad84390,f89e433f5c6317956fec127fe27401a7892f1140bd72329b3f9f1b22cad84390,f89e433f5c6317956fec127fe27401a7892f1140bd72329b3f9f1b22cad84390,34d61b5457509f3b014fb31e988907e59fbc5c5cb23939020fc9fd81d3f91dcd,34d61b5457509f3b014fb31e988907e59fbc5c5cb23939020fc9fd81d3f91dcd,34d61b5457509f3b014fb31e988907e59fbc5c5cb23939020fc9fd81d3f91dcd,34d61b5457509f3b014fb31e988907e59fbc5c5cb23939020fc9fd81d3f91dcd,,93a41e67f539b469a8c2855bc577805d4dc6a7ffcb8c648b11097c9d58ffbec7,2f7b8a6fd3cfbbae9897b4ef4dc9dcfd1bf7744619d5818ceaca7604d565aee3,e28719c9154bfcdce9c89ab5c91529eb27403ce54483eac494708c0f072b1f09,790e08faf1856d8307d56500e0143cdb36225ae10c3542287e33b8efd6c1a33e
RND_S1,8,4,3,R_low,RND,single,R1_4,R1_4,R1_4,R1_4,13af0e8d61218332cd51e6f7822ba8efcddc44636805b8df714b24b71efc0dac,13af0e8d61218332cd51e6f7822ba8efcddc44636805b8df714b24b71efc0dac,13af0e8d61218332cd51e6f7822ba8efcddc44636805b8df714b24b71efc0dac,13af0e8d61218332cd51e6f7822ba8efcddc44636805b8df714b24b71efc0dac,1fba0dd60e0c4721f7f59e8a1dd5065d5d3770f840f071c387c4795310751367,1fba0dd60e0c4721f7f59e8a1dd5065d5d3770f840f071c387c4795310751367,1fba0dd60e0c4721f7f59e8a1dd5065d5d3770f840f071c387c4795310751367,1fba0dd60e0c4721f7f59e8a1dd5065d5d3770f840f071c387c4795310751367,,93a41e67f539b469a8c2855bc577805d4dc6a7ffcb8c648b11097c9d58ffbec7,2f7b8a6fd3cfbbae9897b4ef4dc9dcfd1bf7744619d5818ceaca7604d565aee3,e28719c9154bfcdce9c89ab5c91529eb27403ce54483eac494708c0f072b1f09,790e08faf1856d8307d56500e0143cdb36225ae10c3542287e33b8efd6c1a33e
RND_S1,32,1,0,R_high,RND,single,R1_1,R1_1,R1_1,R1_1,1e4f99c55e2442aeac1fa6d7af69a135d4597e7bfdd6da09f00c393276e15d0f,1e4f99c55e2442aeac1fa6d7af69a135d4597e7bfdd6da09f00c393276e15d0f,1e4f99c55e2442aeac1fa6d7af69a135d4597e7bfdd6da09f00c393276e15d0f,1e4f99c55e2442aeac1fa6d7af69a135d4597e7bfdd6da09f00c393276e15d0f,174597760578c6bb06fd097feb3dca657078b13da9f40435323dc46cfe4b7ea6,174597760578c6bb06fd097feb3dca657078b13da9f40435323dc46cfe4b7ea6,174597760578c6bb06fd097feb3dca657078b13da9f40435323dc46cfe4b7ea6,174597760578c6bb06fd097feb3dca657078b13da9f40435323dc46cfe4b7ea6,,93a41e67f539b469a8c2855bc577805d4dc6a7ffcb8c648b11097c9d58ffbec7,2f7b8a6fd3cfbbae9897b4ef4dc9dcfd1bf7744619d5818ceaca7604d565aee3,e28719c9154bfcdce9c89ab5c91529eb27403ce54483eac494708c0f072b1f09,790e08faf1856d8307d56500e0143cdb36225ae10c3542287e33b8efd6c1a33e
RND_S1,32,1,1,R_high,RND,single,R1_2,R1_2,R1_2,R1_2,49a74dc77de98a02dc875aef1e516b43d14444b7b7ff64b01e29ea870c889de7,49a74dc77de98a02dc875aef1e516b43d14444b7b7ff64b01e29ea870c889de7,49a74dc77de98a02dc875aef1e516b43d14444b7b7ff64b01e29ea870c889de7,49a74dc77de98a02dc875aef1e516b43d14444b7b7ff64b01e29ea870c889de7,9d05971015e224d74f8e87e60849fe1518aefeabd16d068d0edf55b469b392a8,9d05971015e224d74f8e87e60849fe1518aefeabd16d068d0edf55b469b392a8,9d05971015e224d74f8e87e60849fe1518aefeabd16d068d0edf55b469b392a8,9d05971015e224d74f8e87e60849fe1518aefeabd16d068d0edf55b469b392a8,,93a41e67f539b469a8c2855bc577805d4dc6a7ffcb8c648b11097c9d58ffbec7,2f7b8a6fd3cfbbae9897b4ef4dc9dcfd1bf7744619d5818ceaca7604d565aee3,e28719c9154bfcdce9c89ab5c91529eb27403ce54483eac494708c0f072b1f09,790e08faf1856d8307d56500e0143cdb36225ae10c3542287e33b8efd6c1a33e
RND_S1,32,1,2,R_high,RND,single,R1_3,R1_3,R1_3,R1_3,9ab86a9c8d4ad22e67f3e1595d4bf16b018a0fa241697e438ed360f11782acab,9ab86a9c8d4ad22e67f3e1595d4bf16b018a0fa241697e438ed360f11782acab,9ab86a9c8d4ad22e67f3e1595d4bf16b018a0fa241697e438ed360f11782acab,9ab86a9c8d4ad22e67f3e1595d4bf16b018a0fa241697e438ed360f11782acab,aba119423f4accdec20952ca9bec7896a70e8e7afade4bec72841f443f2c5be2,aba119423f4accdec20952ca9bec7896a70e8e7afade4bec72841f443f2c5be2,aba119423f4accdec20952ca9bec7896a70e8e7afade4bec72841f443f2c5be2,aba119423f4accdec20952ca9bec7896a70e8e7afade4bec72841f443f2c5be2,,93a41e67f539b469a8c2855bc577805d4dc6a7ffcb8c648b11097c9d58ffbec7,2f7b8a6fd3cfbbae9897b4ef4dc9dcfd1bf7744619d5818ceaca7604d565aee3,e28719c9154bfcdce9c89ab5c91529eb27403ce54483eac494708c0f072b1f09,790e08faf1856d8307d56500e0143cdb36225ae10c3542287e33b8efd6c1a33e
RND_S1,32,1,3,R_high,RND,single,R1_4,R1_4,R1_4,R1_4,18c22799e59e4ed0a56b9f09cbdbd74b7647c051dae961f7ece321535297a57a,18c22799e59e4ed0a56b9f09cbdbd74b7647c051dae961f7ece321535297a57a,18c22799e59e4ed0a56b9f09cbdbd74b7647c051dae961f7ece321535297a57a,18c22799e59e4ed0a56b9f09cbdbd74b7647c051dae961f7ece321535297a57a,4751ca5ed50fddb8d4118ed3806cd9b2e9e0f75edc17f88b599200ae70caf3ba,4751ca5ed50fddb8d4118ed3806cd9b2e9e0f75edc17f88b599200ae70caf3ba,4751ca5ed50fddb8d4118ed3806cd9b2e9e0f75edc17f88b599200ae70caf3ba,4751ca5ed50fddb8d4118ed3806cd9b2e9e0f75edc17f88b599200ae70caf3ba,,93a41e67f539b469a8c2855bc577805d4dc6a7ffcb8c648b11097c9d58ffbec7,2f7b8a6fd3cfbbae9897b4ef4dc9dcfd1bf7744619d5818ceaca7604d565aee3,e28719c9154bfcdce9c89ab5c91529eb27403ce54483eac494708c0f072b1f09,790e08faf1856d8307d56500e0143cdb36225ae10c3542287e33b8efd6c1a33e
RND_S2,8,4,0,R_low,RND,single,R2_1,R2_1,R2_1,R2_1,44cd72847ef92eb8274f1021122c645921c97dd47c41e8cbfce4cad1b038c1c0,44cd72847ef92eb8274f1021122c645921c97dd47c41e8cbfce4cad1b038c1c0,44cd72847ef92eb8274f1021122c645921c97dd47c41e8cbfce4cad1b038c1c0,44cd72847ef92eb8274f1021122c645921c97dd47c41e8cbfce4cad1b038c1c0,c66c219620de3f2b3e2cbc84b26203efcaa55ab6ecccc75a8107cf592d812181,c66c219620de3f2b3e2cbc84b26203efcaa55ab6ecccc75a8107cf592d812181,c66c219620de3f2b3e2cbc84b26203efcaa55ab6ecccc75a8107cf592d812181,c66c219620de3f2b3e2cbc84b26203efcaa55ab6ecccc75a8107cf592d812181,,93a41e67f539b469a8c2855bc577805d4dc6a7ffcb8c648b11097c9d58ffbec7,2f7b8a6fd3cfbbae9897b4ef4dc9dcfd1bf7744619d5818ceaca7604d565aee3,e28719c9154bfcdce9c89ab5c91529eb27403ce54483eac494708c0f072b1f09,790e08faf1856d8307d56500e0143cdb36225ae10c3542287e33b8efd6c1a33e
RND_S2,8,4,1,R_low,RND,single,R2_2,R2_2,R2_2,R2_2,ebfa82f64470a550042616716139499101ddb38f690943fc9c129e9da37d3f00,ebfa82f64470a550042616716139499101ddb38f690943fc9c129e9da37d3f00,ebfa82f64470a550042616716139499101ddb38f690943fc9c129e9da37d3f00,ebfa82f64470a550042616716139499101ddb38f690943fc9c129e9da37d3f00,58008bf78239b83bcf4f20e70bd5be2f77a0d4e80453adfd4bba55f8354b0198,58008bf78239b83bcf4f20e70bd5be2f77a0d4e80453adfd4bba55f8354b0198,58008bf78239b83bcf4f20e70bd5be2f77a0d4e80453adfd4bba55f8354b0198,58008bf78239b83bcf4f20e70bd5be2f77a0d4e80453adfd4bba55f8354b0198,,93a41e67f539b469a8c2855bc577805d4dc6a7ffcb8c648b11097c9d58ffbec7,2f7b8a6fd3cfbbae9897b4ef4dc9dcfd1bf7744619d5818ceaca7604d565aee3,e28719c9154bfcdce9c89ab5c91529eb27403ce54483eac494708c0f072b1f09,790e08faf1856d8307d56500e0143cdb36225ae10c3542287e33b8efd6c1a33e
RND_S2,8,4,2,R_low,RND,single,R2_3,R2_3,R2_3,R2_3,c4c78281dc3cab3a5480d7f26879f0750c7f12bbc2517641ef98a10e4c713f77,c4c78281dc3cab3a5480d7f26879f0750c7f12bbc2517641ef98a10e4c713f77,c4c78281dc3cab3a5480d7f26879f0750c7f12bbc2517641ef98a10e4c713f77,c4c78281dc3cab3a5480d7f26879f0750c7f12bbc2517641ef98a10e4c713f77,a1ede85e752f91ab72006d04c2ae708e9ea041ee293be1ff64a7ac81f127bf6e,a1ede85e752f91ab72006d04c2ae708e9ea041ee293be1ff64a7ac81f127bf6e,a1ede85e752f91ab72006d04c2ae708e9ea041ee293be1ff64a7ac81f127bf6e,a1ede85e752f91ab72006d04c2ae708e9ea041ee293be1ff64a7ac81f127bf6e,,93a41e67f539b469a8c2855bc577805d4dc6a7ffcb8c648b11097c9d58ffbec7,2f7b8a6fd3cfbbae9897b4ef4dc9dcfd1bf7744619d5818ceaca7604d565aee3,e28719c9154bfcdce9c89ab5c91529eb27403ce54483eac494708c0f072b1f09,790e08faf1856d8307d56500e0143cdb36225ae10c3542287e33b8efd6c1a33e
RND_S2,8,4,3,R_low,RND,single,R2_4,R2_4,R2_4,R2_4,a01ce08dc7d55d197957cd76e2d90d84cccf5de040503b41578ccd2088f58233,a01ce08dc7d55d197957cd76e2d90d84cccf5de040503b41578ccd2088f58233,a01ce08dc7d55d197957cd76e2d90d84cccf5de040503b41578ccd2088f58233,a01ce08dc7d55d197957cd76e2d90d84cccf5de040503b41578ccd2088f58233,63d6687f1c00a1c2e7ce719b17a70b3ac676178ba8f683ff37ad1cc3178554d9,63d6687f1c00a1c2e7ce719b17a70b3ac676178ba8f683ff37ad1cc3178554d9,63d6687f1c00a1c2e7ce719b17a70b3ac676178ba8f683ff37ad1cc3178554d9,63d6687f1c00a1c2e7ce719b17a70b3ac676178ba8f683ff37ad1cc3178554d9,,93a41e67f539b469a8c2855bc577805d4dc6a7ffcb8c648b11097c9d58ffbec7,2f7b8a6fd3cfbbae9897b4ef4dc9dcfd1bf7744619d5818ceaca7604d565aee3,e28719c9154bfcdce9c89ab5c91529eb27403ce54483eac494708c0f072b1f09,790e08faf1856d8307d56500e0143cdb36225ae10c3542287e33b8efd6c1a33e
RND_S2,32,1,0,R_high,RND,single,R2_1,R2_1,R2_1,R2_1,18c3f55041c5d9528393dcdc61106b771a2a9a64bd19600f68a316e54c8ddead,18c3f55041c5d9528393dcdc61106b771a2a9a64bd19600f68a316e54c8ddead,18c3f55041c5d9528393dcdc61106b771a2a9a64bd19600f68a316e54c8ddead,18c3f55041c5d9528393dcdc61106b771a2a9a64bd19600f68a316e54c8ddead,f9336ae4be3cdde0c9dd873a484d2afeaf435be1cc92c6aa2831654a28e5d7a5,f9336ae4be3cdde0c9dd873a484d2afeaf435be1cc92c6aa2831654a28e5d7a5,f9336ae4be3cdde0c9dd873a484d2afeaf435be1cc92c6aa2831654a28e5d7a5,f9336ae4be3cdde0c9dd873a484d2afeaf435be1cc92c6aa2831654a28e5d7a5,,93a41e67f539b469a8c2855bc577805d4dc6a7ffcb8c648b11097c9d58ffbec7,2f7b8a6fd3cfbbae9897b4ef4dc9dcfd1bf7744619d5818ceaca7604d565aee3,e28719c9154bfcdce9c89ab5c91529eb27403ce54483eac494708c0f072b1f09,790e08faf1856d8307d56500e0143cdb36225ae10c3542287e33b8efd6c1a33e
RND_S2,32,1,1,R_high,RND,single,R2_2,R2_2,R2_2,R2_2,9f1556f5aad0fc3c23d46fe6288a1bf1294209f23d7422751be03dffb565ad5a,9f1556f5aad0fc3c23d46fe6288a1bf1294209f23d7422751be03dffb565ad5a,9f1556f5aad0fc3c23d46fe6288a1bf1294209f23d7422751be03dffb565ad5a,9f1556f5aad0fc3c23d46fe6288a1bf1294209f23d7422751be03dffb565ad5a,cc9084b0e48613fe5a6aedd8b99dd5a0e52cc0448234ff22108f6f76a8875d90,cc9084b0e48613fe5a6aedd8b99dd5a0e52cc0448234ff22108f6f76a8875d90,cc9084b0e48613fe5a6aedd8b99dd5a0e52cc0448234ff22108f6f76a8875d90,cc9084b0e48613fe5a6aedd8b99dd5a0e52cc0448234ff22108f6f76a8875d90,,93a41e67f539b469a8c2855bc577805d4dc6a7ffcb8c648b11097c9d58ffbec7,2f7b8a6fd3cfbbae9897b4ef4dc9dcfd1bf7744619d5818ceaca7604d565aee3,e28719c9154bfcdce9c89ab5c91529eb27403ce54483eac494708c0f072b1f09,790e08faf1856d8307d56500e0143cdb36225ae10c3542287e33b8efd6c1a33e
RND_S2,32,1,2,R_high,RND,single,R2_3,R2_3,R2_3,R2_3,3c5e4007f631b635ee92cf4a059040b3f54d20c4b1a3824da67fb97d69cbee8a,3c5e4007f631b635ee92cf4a059040b3f54d20c4b1a3824da67fb97d69cbee8a,3c5e4007f631b635ee92cf4a059040b3f54d20c4b1a3824da67fb97d69cbee8a,3c5e4007f631b635ee92cf4a059040b3f54d20c4b1a3824da67fb97d69cbee8a,e8973ba11c5cb1ee628e4135066e9a20760497c4446a73f469183def41c16585,e8973ba11c5cb1ee628e4135066e9a20760497c4446a73f469183def41c16585,e8973ba11c5cb1ee628e4135066e9a20760497c4446a73f469183def41c16585,e8973ba11c5cb1ee628e4135066e9a20760497c4446a73f469183def41c16585,,93a41e67f539b469a8c2855bc577805d4dc6a7ffcb8c648b11097c9d58ffbec7,2f7b8a6fd3cfbbae9897b4ef4dc9dcfd1bf7744619d5818ceaca7604d565aee3,e28719c9154bfcdce9c89ab5c91529eb27403ce54483eac494708c0f072b1f09,790e08faf1856d8307d56500e0143cdb36225ae10c3542287e33b8efd6c1a33e
RND_S2,32,1,3,R_high,RND,single,R2_4,R2_4,R2_4,R2_4,a2d777da78d3d211819a5fb8bb5051460c4c8e201e0088c494ad8f9499a258bc,a2d777da78d3d211819a5fb8bb5051460c4c8e201e0088c494ad8f9499a258bc,a2d777da78d3d211819a5fb8bb5051460c4c8e201e0088c494ad8f9499a258bc,a2d777da78d3d211819a5fb8bb5051460c4c8e201e0088c494ad8f9499a258bc,0d3cbbeb3a807f61195c976f0771a14569931ee6b6622d8c177e835ffadc654c,0d3cbbeb3a807f61195c976f0771a14569931ee6b6622d8c177e835ffadc654c,0d3cbbeb3a807f61195c976f0771a14569931ee6b6622d8c177e835ffadc654c,0d3cbbeb3a807f61195c976f0771a14569931ee6b6622d8c177e835ffadc654c,,93a41e67f539b469a8c2855bc577805d4dc6a7ffcb8c648b11097c9d58ffbec7,2f7b8a6fd3cfbbae9897b4ef4dc9dcfd1bf7744619d5818ceaca7604d565aee3,e28719c9154bfcdce9c89ab5c91529eb27403ce54483eac494708c0f072b1f09,790e08faf1856d8307d56500e0143cdb36225ae10c3542287e33b8efd6c1a33e
RND_S3,8,4,0,R_low,RND,single,R3_1,R3_1,R3_1,R3_1,08d63b73559ae3182f3f33f29e3c3a780f32068e74d7bc82ffe35e54bf778e0b,08d63b73559ae3182f3f33f29e3c3a780f32068e74d7bc82ffe35e54bf778e0b,08d63b73559ae3182f3f33f29e3c3a780f32068e74d7bc82ffe35e54bf778e0b,08d63b73559ae3182f3f33f29e3c3a780f32068e74d7bc82ffe35e54bf778e0b,5e63ef1218ae73ee6c023485e2ab2804e86994d8307a84d9d8d851e212b67c0b,5e63ef1218ae73ee6c023485e2ab2804e86994d8307a84d9d8d851e212b67c0b,5e63ef1218ae73ee6c023485e2ab2804e86994d8307a84d9d8d851e212b67c0b,5e63ef1218ae73ee6c023485e2ab2804e86994d8307a84d9d8d851e212b67c0b,,93a41e67f539b469a8c2855bc577805d4dc6a7ffcb8c648b11097c9d58ffbec7,2f7b8a6fd3cfbbae9897b4ef4dc9dcfd1bf7744619d5818ceaca7604d565aee3,e28719c9154bfcdce9c89ab5c91529eb27403ce54483eac494708c0f072b1f09,790e08faf1856d8307d56500e0143cdb36225ae10c3542287e33b8efd6c1a33e
RND_S3,8,4,1,R_low,RND,single,R3_2,R3_2,R3_2,R3_2,c0e58ec3e140b9205e3be19202d5d4f91bbce563ebb942fb46f3367dfffaf0f0,c0e58ec3e140b9205e3be19202d5d4f91bbce563ebb942fb46f3367dfffaf0f0,c0e58ec3e140b9205e3be19202d5d4f91bbce563ebb942fb46f3367dfffaf0f0,c0e58ec3e140b9205e3be19202d5d4f91bbce563ebb942fb46f3367dfffaf0f0,e2e7626d7e90745a1ea8a0b1c20e7dc2530bf3fce782b7bbc7677d5492932d81,e2e7626d7e90745a1ea8a0b1c20e7dc2530bf3fce782b7bbc7677d5492932d81,e2e7626d7e90745a1ea8a0b1c20e7dc2530bf3fce782b7bbc7677d5492932d81,e2e7626d7e90745a1ea8a0b1c20e7dc2530bf3fce782b7bbc7677d5492932d81,,93a41e67f539b469a8c2855bc577805d4dc6a7ffcb8c648b11097c9d58ffbec7,2f7b8a6fd3cfbbae9897b4ef4dc9dcfd1bf7744619d5818ceaca7604d565aee3,e28719c9154bfcdce9c89ab5c91529eb27403ce54483eac494708c0f072b1f09,790e08faf1856d8307d56500e0143cdb36225ae10c3542287e33b8efd6c1a33e
RND_S3,8,4,2,R_low,RND,single,R3_3,R3_3,R3_3,R3_3,5ad3ccf41bd6e5a58497ca1ebc37ffcd2507387fe6939ff92687f73ba0fb9622,5ad3ccf41bd6e5a58497ca1ebc37ffcd2507387fe6939ff92687f73ba0fb9622,5ad3ccf41bd6e5a58497ca1ebc37ffcd2507387fe6939ff92687f73ba0fb9622,5ad3ccf41bd6e5a58497ca1ebc37ffcd2507387fe6939ff92687f73ba0fb9622,424b9b9bb2ca83aa9a0162ac6c95ce09ace13c96431f6d7f4c193df8e22f5212,424b9b9bb2ca83aa9a0162ac6c95ce09ace13c96431f6d7f4c193df8e22f5212,424b9b9bb2ca83aa9a0162ac6c95ce09ace13c96431f6d7f4c193df8e22f5212,424b9b9bb2ca83aa9a0162ac6c95ce09ace13c96431f6d7f4c193df8e22f5212,,93a41e67f539b469a8c2855bc577805d4dc6a7ffcb8c648b11097c9d58ffbec7,2f7b8a6fd3cfbbae9897b4ef4dc9dcfd1bf7744619d5818ceaca7604d565aee3,e28719c9154bfcdce9c89ab5c91529eb27403ce54483eac494708c0f072b1f09,790e08faf1856d8307d56500e0143cdb36225ae10c3542287e33b8efd6c1a33e
RND_S3,8,4,3,R_low,RND,single,R3_4,R3_4,R3_4,R3_4,f1acb1f6a6d46201d9f7726c504d6a160895854a84d4c760b158f633ff90c42e,f1acb1f6a6d46201d9f7726c504d6a160895854a84d4c760b158f633ff90c42e,f1acb1f6a6d46201d9f7726c504d6a160895854a84d4c760b158f633ff90c42e,f1acb1f6a6d46201d9f7726c504d6a160895854a84d4c760b158f633ff90c42e,15aafc58d4266b03257db640e46bb76eda80b8a83e95c7508e3f65c7aa69a9aa,15aafc58d4266b03257db640e46bb76eda80b8a83e95c7508e3f65c7aa69a9aa,15aafc58d4266b03257db640e46bb76eda80b8a83e95c7508e3f65c7aa69a9aa,15aafc58d4266b03257db640e46bb76eda80b8a83e95c7508e3f65c7aa69a9aa,,93a41e67f539b469a8c2855bc577805d4dc6a7ffcb8c648b11097c9d58ffbec7,2f7b8a6fd3cfbbae9897b4ef4dc9dcfd1bf7744619d5818ceaca7604d565aee3,e28719c9154bfcdce9c89ab5c91529eb27403ce54483eac494708c0f072b1f09,790e08faf1856d8307d56500e0143cdb36225ae10c3542287e33b8efd6c1a33e
RND_S3,32,1,0,R_high,RND,single,R3_1,R3_1,R3_1,R3_1,d7c033501ba8527a2248a9679870abd344ecf0bf84bce21acc9f639d9fd35923,d7c033501ba8527a2248a9679870abd344ecf0bf84bce21acc9f639d9fd35923,d7c033501ba8527a2248a9679870abd344ecf0bf84bce21acc9f639d9fd35923,d7c033501ba8527a2248a9679870abd344ecf0bf84bce21acc9f639d9fd35923,700abbaeccc74c7e47a182b0c805407ae0f2a735849cc3efe8a53b0a760cc862,700abbaeccc74c7e47a182b0c805407ae0f2a735849cc3efe8a53b0a760cc862,700abbaeccc74c7e47a182b0c805407ae0f2a735849cc3efe8a53b0a760cc862,700abbaeccc74c7e47a182b0c805407ae0f2a735849cc3efe8a53b0a760cc862,,93a41e67f539b469a8c2855bc577805d4dc6a7ffcb8c648b11097c9d58ffbec7,2f7b8a6fd3cfbbae9897b4ef4dc9dcfd1bf7744619d5818ceaca7604d565aee3,e28719c9154bfcdce9c89ab5c91529eb27403ce54483eac494708c0f072b1f09,790e08faf1856d8307d56500e0143cdb36225ae10c3542287e33b8efd6c1a33e
RND_S3,32,1,1,R_high,RND,single,R3_2,R3_2,R3_2,R3_2,07cd153a2be95a536116263ee0bb773d8a523fdd1645f0feea1350cc794cddd9,07cd153a2be95a536116263ee0bb773d8a523fdd1645f0feea1350cc794cddd9,07cd153a2be95a536116263ee0bb773d8a523fdd1645f0feea1350cc794cddd9,07cd153a2be95a536116263ee0bb773d8a523fdd1645f0feea1350cc794cddd9,4fd7103d425a1d2b1b96b34edc49c70077edc01ce9d14df7679fb5929b0b64da,4fd7103d425a1d2b1b96b34edc49c70077edc01ce9d14df7679fb5929b0b64da,4fd7103d425a1d2b1b96b34edc49c70077edc01ce9d14df7679fb5929b0b64da,4fd7103d425a1d2b1b96b34edc49c70077edc01ce9d14df7679fb5929b0b64da,,93a41e67f539b469a8c2855bc577805d4dc6a7ffcb8c648b11097c9d58ffbec7,2f7b8a6fd3cfbbae9897b4ef4dc9dcfd1bf7744619d5818ceaca7604d565aee3,e28719c9154bfcdce9c89ab5c91529eb27403ce54483eac494708c0f072b1f09,790e08faf1856d8307d56500e0143cdb36225ae10c3542287e33b8efd6c1a33e
RND_S3,32,1,2,R_high,RND,single,R3_3,R3_3,R3_3,R3_3,52568c2e5c52eefdb9fdb579a310fbbf964b5f8ab66e8f166741c2207d5791ae,52568c2e5c52eefdb9fdb579a310fbbf964b5f8ab66e8f166741c2207d5791ae,52568c2e5c52eefdb9fdb579a310fbbf964b5f8ab66e8f166741c2207d5791ae,52568c2e5c52eefdb9fdb579a310fbbf964b5f8ab66e8f166741c2207d5791ae,8380d942bbd30c47644b6afcc9ec8d0aba7acd9dc4ec753d84fab4015822b044,8380d942bbd30c47644b6afcc9ec8d0aba7acd9dc4ec753d84fab4015822b044,8380d942bbd30c47644b6afcc9ec8d0aba7acd9dc4ec753d84fab4015822b044,8380d942bbd30c47644b6afcc9ec8d0aba7acd9dc4ec753d84fab4015822b044,,93a41e67f539b469a8c2855bc577805d4dc6a7ffcb8c648b11097c9d58ffbec7,2f7b8a6fd3cfbbae9897b4ef4dc9dcfd1bf7744619d5818ceaca7604d565aee3,e28719c9154bfcdce9c89ab5c91529eb27403ce54483eac494708c0f072b1f09,790e08faf1856d8307d56500e0143cdb36225ae10c3542287e33b8efd6c1a33e
RND_S3,32,1,3,R_high,RND,single,R3_4,R3_4,R3_4,R3_4,8ef9397ba325a9c9f8fceb8829fc29b7da166d4535794a665c262dff08a5572d,8ef9397ba325a9c9f8fceb8829fc29b7da166d4535794a665c262dff08a5572d,8ef9397ba325a9c9f8fceb8829fc29b7da166d4535794a665c262dff08a5572d,8ef9397ba325a9c9f8fceb8829fc29b7da166d4535794a665c262dff08a5572d,b6e919f9e8538f9f549bc2baf803c78202ac11ae4b0120c6f378214d2ca8a1ee,b6e919f9e8538f9f549bc2baf803c78202ac11ae4b0120c6f378214d2ca8a1ee,b6e919f9e8538f9f549bc2baf803c78202ac11ae4b0120c6f378214d2ca8a1ee,b6e919f9e8538f9f549bc2baf803c78202ac11ae4b0120c6f378214d2ca8a1ee,,93a41e67f539b469a8c2855bc577805d4dc6a7ffcb8c648b11097c9d58ffbec7,2f7b8a6fd3cfbbae9897b4ef4dc9dcfd1bf7744619d5818ceaca7604d565aee3,e28719c9154bfcdce9c89ab5c91529eb27403ce54483eac494708c0f072b1f09,790e08faf1856d8307d56500e0143cdb36225ae10c3542287e33b8efd6c1a33e
RND_D1,8,4,0,R_low,RND,diverse,R1_1,R1_2,R1_3,R1_4,ecc62d496367153ca0615bf7c2da0668de560bdba013dd20d7fc9ae2c0a1323b,8865b853835cde0291abeaeaaaa73c77f731f2d7e758644a05c24f4c7b104c34,f89e433f5c6317956fec127fe27401a7892f1140bd72329b3f9f1b22cad84390,13af0e8d61218332cd51e6f7822ba8efcddc44636805b8df714b24b71efc0dac,a2f23d7ae3f3398df7401f43b5d00bbde01ac2ae975e53aa424f59f1c6481552,c141014c7c1ee7aff0a223b83b6a4405e2a4ee2a94e2a3e5346866dde342e37a,34d61b5457509f3b014fb31e988907e59fbc5c5cb23939020fc9fd81d3f91dcd,1fba0dd60e0c4721f7f59e8a1dd5065d5d3770f840f071c387c4795310751367,0,93a41e67f539b469a8c2855bc577805d4dc6a7ffcb8c648b11097c9d58ffbec7,2f7b8a6fd3cfbbae9897b4ef4dc9dcfd1bf7744619d5818ceaca7604d565aee3,e28719c9154bfcdce9c89ab5c91529eb27403ce54483eac494708c0f072b1f09,790e08faf1856d8307d56500e0143cdb36225ae10c3542287e33b8efd6c1a33e
RND_D1,8,4,1,R_low,RND,diverse,R1_2,R1_3,R1_4,R1_1,8865b853835cde0291abeaeaaaa73c77f731f2d7e758644a05c24f4c7b104c34,f89e433f5c6317956fec127fe27401a7892f1140bd72329b3f9f1b22cad84390,13af0e8d61218332cd51e6f7822ba8efcddc44636805b8df714b24b71efc0dac,ecc62d496367153ca0615bf7c2da0668de560bdba013dd20d7fc9ae2c0a1323b,c141014c7c1ee7aff0a223b83b6a4405e2a4ee2a94e2a3e5346866dde342e37a,34d61b5457509f3b014fb31e988907e59fbc5c5cb23939020fc9fd81d3f91dcd,1fba0dd60e0c4721f7f59e8a1dd5065d5d3770f840f071c387c4795310751367,a2f23d7ae3f3398df7401f43b5d00bbde01ac2ae975e53aa424f59f1c6481552,1,93a41e67f539b469a8c2855bc577805d4dc6a7ffcb8c648b11097c9d58ffbec7,2f7b8a6fd3cfbbae9897b4ef4dc9dcfd1bf7744619d5818ceaca7604d565aee3,e28719c9154bfcdce9c89ab5c91529eb27403ce54483eac494708c0f072b1f09,790e08faf1856d8307d56500e0143cdb36225ae10c3542287e33b8efd6c1a33e
RND_D1,8,4,2,R_low,RND,diverse,R1_3,R1_4,R1_1,R1_2,f89e433f5c6317956fec127fe27401a7892f1140bd72329b3f9f1b22cad84390,13af0e8d61218332cd51e6f7822ba8efcddc44636805b8df714b24b71efc0dac,ecc62d496367153ca0615bf7c2da0668de560bdba013dd20d7fc9ae2c0a1323b,8865b853835cde0291abeaeaaaa73c77f731f2d7e758644a05c24f4c7b104c34,34d61b5457509f3b014fb31e988907e59fbc5c5cb23939020fc9fd81d3f91dcd,1fba0dd60e0c4721f7f59e8a1dd5065d5d3770f840f071c387c4795310751367,a2f23d7ae3f3398df7401f43b5d00bbde01ac2ae975e53aa424f59f1c6481552,c141014c7c1ee7aff0a223b83b6a4405e2a4ee2a94e2a3e5346866dde342e37a,2,93a41e67f539b469a8c2855bc577805d4dc6a7ffcb8c648b11097c9d58ffbec7,2f7b8a6fd3cfbbae9897b4ef4dc9dcfd1bf7744619d5818ceaca7604d565aee3,e28719c9154bfcdce9c89ab5c91529eb27403ce54483eac494708c0f072b1f09,790e08faf1856d8307d56500e0143cdb36225ae10c3542287e33b8efd6c1a33e
RND_D1,8,4,3,R_low,RND,diverse,R1_4,R1_1,R1_2,R1_3,13af0e8d61218332cd51e6f7822ba8efcddc44636805b8df714b24b71efc0dac,ecc62d496367153ca0615bf7c2da0668de560bdba013dd20d7fc9ae2c0a1323b,8865b853835cde0291abeaeaaaa73c77f731f2d7e758644a05c24f4c7b104c34,f89e433f5c6317956fec127fe27401a7892f1140bd72329b3f9f1b22cad84390,1fba0dd60e0c4721f7f59e8a1dd5065d5d3770f840f071c387c4795310751367,a2f23d7ae3f3398df7401f43b5d00bbde01ac2ae975e53aa424f59f1c6481552,c141014c7c1ee7aff0a223b83b6a4405e2a4ee2a94e2a3e5346866dde342e37a,34d61b5457509f3b014fb31e988907e59fbc5c5cb23939020fc9fd81d3f91dcd,3,93a41e67f539b469a8c2855bc577805d4dc6a7ffcb8c648b11097c9d58ffbec7,2f7b8a6fd3cfbbae9897b4ef4dc9dcfd1bf7744619d5818ceaca7604d565aee3,e28719c9154bfcdce9c89ab5c91529eb27403ce54483eac494708c0f072b1f09,790e08faf1856d8307d56500e0143cdb36225ae10c3542287e33b8efd6c1a33e
RND_D1,32,1,0,R_high,RND,diverse,R1_1,R1_2,R1_3,R1_4,1e4f99c55e2442aeac1fa6d7af69a135d4597e7bfdd6da09f00c393276e15d0f,49a74dc77de98a02dc875aef1e516b43d14444b7b7ff64b01e29ea870c889de7,9ab86a9c8d4ad22e67f3e1595d4bf16b018a0fa241697e438ed360f11782acab,18c22799e59e4ed0a56b9f09cbdbd74b7647c051dae961f7ece321535297a57a,174597760578c6bb06fd097feb3dca657078b13da9f40435323dc46cfe4b7ea6,9d05971015e224d74f8e87e60849fe1518aefeabd16d068d0edf55b469b392a8,aba119423f4accdec20952ca9bec7896a70e8e7afade4bec72841f443f2c5be2,4751ca5ed50fddb8d4118ed3806cd9b2e9e0f75edc17f88b599200ae70caf3ba,0,93a41e67f539b469a8c2855bc577805d4dc6a7ffcb8c648b11097c9d58ffbec7,2f7b8a6fd3cfbbae9897b4ef4dc9dcfd1bf7744619d5818ceaca7604d565aee3,e28719c9154bfcdce9c89ab5c91529eb27403ce54483eac494708c0f072b1f09,790e08faf1856d8307d56500e0143cdb36225ae10c3542287e33b8efd6c1a33e
RND_D1,32,1,1,R_high,RND,diverse,R1_2,R1_3,R1_4,R1_1,49a74dc77de98a02dc875aef1e516b43d14444b7b7ff64b01e29ea870c889de7,9ab86a9c8d4ad22e67f3e1595d4bf16b018a0fa241697e438ed360f11782acab,18c22799e59e4ed0a56b9f09cbdbd74b7647c051dae961f7ece321535297a57a,1e4f99c55e2442aeac1fa6d7af69a135d4597e7bfdd6da09f00c393276e15d0f,9d05971015e224d74f8e87e60849fe1518aefeabd16d068d0edf55b469b392a8,aba119423f4accdec20952ca9bec7896a70e8e7afade4bec72841f443f2c5be2,4751ca5ed50fddb8d4118ed3806cd9b2e9e0f75edc17f88b599200ae70caf3ba,174597760578c6bb06fd097feb3dca657078b13da9f40435323dc46cfe4b7ea6,1,93a41e67f539b469a8c2855bc577805d4dc6a7ffcb8c648b11097c9d58ffbec7,2f7b8a6fd3cfbbae9897b4ef4dc9dcfd1bf7744619d5818ceaca7604d565aee3,e28719c9154bfcdce9c89ab5c91529eb27403ce54483eac494708c0f072b1f09,790e08faf1856d8307d56500e0143cdb36225ae10c3542287e33b8efd6c1a33e
RND_D1,32,1,2,R_high,RND,diverse,R1_3,R1_4,R1_1,R1_2,9ab86a9c8d4ad22e67f3e1595d4bf16b018a0fa241697e438ed360f11782acab,18c22799e59e4ed0a56b9f09cbdbd74b7647c051dae961f7ece321535297a57a,1e4f99c55e2442aeac1fa6d7af69a135d4597e7bfdd6da09f00c393276e15d0f,49a74dc77de98a02dc875aef1e516b43d14444b7b7ff64b01e29ea870c889de7,aba119423f4accdec20952ca9bec7896a70e8e7afade4bec72841f443f2c5be2,4751ca5ed50fddb8d4118ed3806cd9b2e9e0f75edc17f88b599200ae70caf3ba,174597760578c6bb06fd097feb3dca657078b13da9f40435323dc46cfe4b7ea6,9d05971015e224d74f8e87e60849fe1518aefeabd16d068d0edf55b469b392a8,2,93a41e67f539b469a8c2855bc577805d4dc6a7ffcb8c648b11097c9d58ffbec7,2f7b8a6fd3cfbbae9897b4ef4dc9dcfd1bf7744619d5818ceaca7604d565aee3,e28719c9154bfcdce9c89ab5c91529eb27403ce54483eac494708c0f072b1f09,790e08faf1856d8307d56500e0143cdb36225ae10c3542287e33b8efd6c1a33e
RND_D1,32,1,3,R_high,RND,diverse,R1_4,R1_1,R1_2,R1_3,18c22799e59e4ed0a56b9f09cbdbd74b7647c051dae961f7ece321535297a57a,1e4f99c55e2442aeac1fa6d7af69a135d4597e7bfdd6da09f00c393276e15d0f,49a74dc77de98a02dc875aef1e516b43d14444b7b7ff64b01e29ea870c889de7,9ab86a9c8d4ad22e67f3e1595d4bf16b018a0fa241697e438ed360f11782acab,4751ca5ed50fddb8d4118ed3806cd9b2e9e0f75edc17f88b599200ae70caf3ba,174597760578c6bb06fd097feb3dca657078b13da9f40435323dc46cfe4b7ea6,9d05971015e224d74f8e87e60849fe1518aefeabd16d068d0edf55b469b392a8,aba119423f4accdec20952ca9bec7896a70e8e7afade4bec72841f443f2c5be2,3,93a41e67f539b469a8c2855bc577805d4dc6a7ffcb8c648b11097c9d58ffbec7,2f7b8a6fd3cfbbae9897b4ef4dc9dcfd1bf7744619d5818ceaca7604d565aee3,e28719c9154bfcdce9c89ab5c91529eb27403ce54483eac494708c0f072b1f09,790e08faf1856d8307d56500e0143cdb36225ae10c3542287e33b8efd6c1a33e
RND_D2,8,4,0,R_low,RND,diverse,R2_1,R2_2,R2_3,R2_4,44cd72847ef92eb8274f1021122c645921c97dd47c41e8cbfce4cad1b038c1c0,ebfa82f64470a550042616716139499101ddb38f690943fc9c129e9da37d3f00,c4c78281dc3cab3a5480d7f26879f0750c7f12bbc2517641ef98a10e4c713f77,a01ce08dc7d55d197957cd76e2d90d84cccf5de040503b41578ccd2088f58233,c66c219620de3f2b3e2cbc84b26203efcaa55ab6ecccc75a8107cf592d812181,58008bf78239b83bcf4f20e70bd5be2f77a0d4e80453adfd4bba55f8354b0198,a1ede85e752f91ab72006d04c2ae708e9ea041ee293be1ff64a7ac81f127bf6e,63d6687f1c00a1c2e7ce719b17a70b3ac676178ba8f683ff37ad1cc3178554d9,0,93a41e67f539b469a8c2855bc577805d4dc6a7ffcb8c648b11097c9d58ffbec7,2f7b8a6fd3cfbbae9897b4ef4dc9dcfd1bf7744619d5818ceaca7604d565aee3,e28719c9154bfcdce9c89ab5c91529eb27403ce54483eac494708c0f072b1f09,790e08faf1856d8307d56500e0143cdb36225ae10c3542287e33b8efd6c1a33e
RND_D2,8,4,1,R_low,RND,diverse,R2_2,R2_3,R2_4,R2_1,ebfa82f64470a550042616716139499101ddb38f690943fc9c129e9da37d3f00,c4c78281dc3cab3a5480d7f26879f0750c7f12bbc2517641ef98a10e4c713f77,a01ce08dc7d55d197957cd76e2d90d84cccf5de040503b41578ccd2088f58233,44cd72847ef92eb8274f1021122c645921c97dd47c41e8cbfce4cad1b038c1c0,58008bf78239b83bcf4f20e70bd5be2f77a0d4e80453adfd4bba55f8354b0198,a1ede85e752f91ab72006d04c2ae708e9ea041ee293be1ff64a7ac81f127bf6e,63d6687f1c00a1c2e7ce719b17a70b3ac676178ba8f683ff37ad1cc3178554d9,c66c219620de3f2b3e2cbc84b26203efcaa55ab6ecccc75a8107cf592d812181,1,93a41e67f539b469a8c2855bc577805d4dc6a7ffcb8c648b11097c9d58ffbec7,2f7b8a6fd3cfbbae9897b4ef4dc9dcfd1bf7744619d5818ceaca7604d565aee3,e28719c9154bfcdce9c89ab5c91529eb27403ce54483eac494708c0f072b1f09,790e08faf1856d8307d56500e0143cdb36225ae10c3542287e33b8efd6c1a33e
RND_D2,8,4,2,R_low,RND,diverse,R2_3,R2_4,R2_1,R2_2,c4c78281dc3cab3a5480d7f26879f0750c7f12bbc2517641ef98a10e4c713f77,a01ce08dc7d55d197957cd76e2d90d84cccf5de040503b41578ccd2088f58233,44cd72847ef92eb8274f1021122c645921c97dd47c41e8cbfce4cad1b038c1c0,ebfa82f64470a550042616716139499101ddb38f690943fc9c129e9da37d3f00,a1ede85e752f91ab72006d04c2ae708e9ea041ee293be1ff64a7ac81f127bf6e,63d6687f1c00a1c2e7ce719b17a70b3ac676178ba8f683ff37ad1cc3178554d9,c66c219620de3f2b3e2cbc84b26203efcaa55ab6ecccc75a8107cf592d812181,58008bf78239b83bcf4f20e70bd5be2f77a0d4e80453adfd4bba55f8354b0198,2,93a41e67f539b469a8c2855bc577805d4dc6a7ffcb8c648b11097c9d58ffbec7,2f7b8a6fd3cfbbae9897b4ef4dc9dcfd1bf7744619d5818ceaca7604d565aee3,e28719c9154bfcdce9c89ab5c91529eb27403ce54483eac494708c0f072b1f09,790e08faf1856d8307d56500e0143cdb36225ae10c3542287e33b8efd6c1a33e
RND_D2,8,4,3,R_low,RND,diverse,R2_4,R2_1,R2_2,R2_3,a01ce08dc7d55d197957cd76e2d90d84cccf5de040503b41578ccd2088f58233,44cd72847ef92eb8274f1021122c645921c97dd47c41e8cbfce4cad1b038c1c0,ebfa82f64470a550042616716139499101ddb38f690943fc9c129e9da37d3f00,c4c78281dc3cab3a5480d7f26879f0750c7f12bbc2517641ef98a10e4c713f77,63d6687f1c00a1c2e7ce719b17a70b3ac676178ba8f683ff37ad1cc3178554d9,c66c219620de3f2b3e2cbc84b26203efcaa55ab6ecccc75a8107cf592d812181,58008bf78239b83bcf4f20e70bd5be2f77a0d4e80453adfd4bba55f8354b0198,a1ede85e752f91ab72006d04c2ae708e9ea041ee293be1ff64a7ac81f127bf6e,3,93a41e67f539b469a8c2855bc577805d4dc6a7ffcb8c648b11097c9d58ffbec7,2f7b8a6fd3cfbbae9897b4ef4dc9dcfd1bf7744619d5818ceaca7604d565aee3,e28719c9154bfcdce9c89ab5c91529eb27403ce54483eac494708c0f072b1f09,790e08faf1856d8307d56500e0143cdb36225ae10c3542287e33b8efd6c1a33e
RND_D2,32,1,0,R_high,RND,diverse,R2_1,R2_2,R2_3,R2_4,18c3f55041c5d9528393dcdc61106b771a2a9a64bd19600f68a316e54c8ddead,9f1556f5aad0fc3c23d46fe6288a1bf1294209f23d7422751be03dffb565ad5a,3c5e4007f631b635ee92cf4a059040b3f54d20c4b1a3824da67fb97d69cbee8a,a2d777da78d3d211819a5fb8bb5051460c4c8e201e0088c494ad8f9499a258bc,f9336ae4be3cdde0c9dd873a484d2afeaf435be1cc92c6aa2831654a28e5d7a5,cc9084b0e48613fe5a6aedd8b99dd5a0e52cc0448234ff22108f6f76a8875d90,e8973ba11c5cb1ee628e4135066e9a20760497c4446a73f469183def41c16585,0d3cbbeb3a807f61195c976f0771a14569931ee6b6622d8c177e835ffadc654c,0,93a41e67f539b469a8c2855bc577805d4dc6a7ffcb8c648b11097c9d58ffbec7,2f7b8a6fd3cfbbae9897b4ef4dc9dcfd1bf7744619d5818ceaca7604d565aee3,e28719c9154bfcdce9c89ab5c91529eb27403ce54483eac494708c0f072b1f09,790e08faf1856d8307d56500e0143cdb36225ae10c3542287e33b8efd6c1a33e
RND_D2,32,1,1,R_high,RND,diverse,R2_2,R2_3,R2_4,R2_1,9f1556f5aad0fc3c23d46fe6288a1bf1294209f23d7422751be03dffb565ad5a,3c5e4007f631b635ee92cf4a059040b3f54d20c4b1a3824da67fb97d69cbee8a,a2d777da78d3d211819a5fb8bb5051460c4c8e201e0088c494ad8f9499a258bc,18c3f55041c5d9528393dcdc61106b771a2a9a64bd19600f68a316e54c8ddead,cc9084b0e48613fe5a6aedd8b99dd5a0e52cc0448234ff22108f6f76a8875d90,e8973ba11c5cb1ee628e4135066e9a20760497c4446a73f469183def41c16585,0d3cbbeb3a807f61195c976f0771a14569931ee6b6622d8c177e835ffadc654c,f9336ae4be3cdde0c9dd873a484d2afeaf435be1cc92c6aa2831654a28e5d7a5,1,93a41e67f539b469a8c2855bc577805d4dc6a7ffcb8c648b11097c9d58ffbec7,2f7b8a6fd3cfbbae9897b4ef4dc9dcfd1bf7744619d5818ceaca7604d565aee3,e28719c9154bfcdce9c89ab5c91529eb27403ce54483eac494708c0f072b1f09,790e08faf1856d8307d56500e0143cdb36225ae10c3542287e33b8efd6c1a33e
RND_D2,32,1,2,R_high,RND,diverse,R2_3,R2_4,R2_1,R2_2,3c5e4007f631b635ee92cf4a059040b3f54d20c4b1a3824da67fb97d69cbee8a,a2d777da78d3d211819a5fb8bb5051460c4c8e201e0088c494ad8f9499a258bc,18c3f55041c5d9528393dcdc61106b771a2a9a64bd19600f68a316e54c8ddead,9f1556f5aad0fc3c23d46fe6288a1bf1294209f23d7422751be03dffb565ad5a,e8973ba11c5cb1ee628e4135066e9a20760497c4446a73f469183def41c16585,0d3cbbeb3a807f61195c976f0771a14569931ee6b6622d8c177e835ffadc654c,f9336ae4be3cdde0c9dd873a484d2afeaf435be1cc92c6aa2831654a28e5d7a5,cc9084b0e48613fe5a6aedd8b99dd5a0e52cc0448234ff22108f6f76a8875d90,2,93a41e67f539b469a8c2855bc577805d4dc6a7ffcb8c648b11097c9d58ffbec7,2f7b8a6fd3cfbbae9897b4ef4dc9dcfd1bf7744619d5818ceaca7604d565aee3,e28719c9154bfcdce9c89ab5c91529eb27403ce54483eac494708c0f072b1f09,790e08faf1856d8307d56500e0143cdb36225ae10c3542287e33b8efd6c1a33e
RND_D2,32,1,3,R_high,RND,diverse,R2_4,R2_1,R2_2,R2_3,a2d777da78d3d211819a5fb8bb5051460c4c8e201e0088c494ad8f9499a258bc,18c3f55041c5d9528393dcdc61106b771a2a9a64bd19600f68a316e54c8ddead,9f1556f5aad0fc3c23d46fe6288a1bf1294209f23d7422751be03dffb565ad5a,3c5e4007f631b635ee92cf4a059040b3f54d20c4b1a3824da67fb97d69cbee8a,0d3cbbeb3a807f61195c976f0771a14569931ee6b6622d8c177e835ffadc654c,f9336ae4be3cdde0c9dd873a484d2afeaf435be1cc92c6aa2831654a28e5d7a5,cc9084b0e48613fe5a6aedd8b99dd5a0e52cc0448234ff22108f6f76a8875d90,e8973ba11c5cb1ee628e4135066e9a20760497c4446a73f469183def41c16585,3,93a41e67f539b469a8c2855bc577805d4dc6a7ffcb8c648b11097c9d58ffbec7,2f7b8a6fd3cfbbae9897b4ef4dc9dcfd1bf7744619d5818ceaca7604d565aee3,e28719c9154bfcdce9c89ab5c91529eb27403ce54483eac494708c0f072b1f09,790e08faf1856d8307d56500e0143cdb36225ae10c3542287e33b8efd6c1a33e
RND_D3,8,4,0,R_low,RND,diverse,R3_1,R3_2,R3_3,R3_4,08d63b73559ae3182f3f33f29e3c3a780f32068e74d7bc82ffe35e54bf778e0b,c0e58ec3e140b9205e3be19202d5d4f91bbce563ebb942fb46f3367dfffaf0f0,5ad3ccf41bd6e5a58497ca1ebc37ffcd2507387fe6939ff92687f73ba0fb9622,f1acb1f6a6d46201d9f7726c504d6a160895854a84d4c760b158f633ff90c42e,5e63ef1218ae73ee6c023485e2ab2804e86994d8307a84d9d8d851e212b67c0b,e2e7626d7e90745a1ea8a0b1c20e7dc2530bf3fce782b7bbc7677d5492932d81,424b9b9bb2ca83aa9a0162ac6c95ce09ace13c96431f6d7f4c193df8e22f5212,15aafc58d4266b03257db640e46bb76eda80b8a83e95c7508e3f65c7aa69a9aa,0,93a41e67f539b469a8c2855bc577805d4dc6a7ffcb8c648b11097c9d58ffbec7,2f7b8a6fd3cfbbae9897b4ef4dc9dcfd1bf7744619d5818ceaca7604d565aee3,e28719c9154bfcdce9c89ab5c91529eb27403ce54483eac494708c0f072b1f09,790e08faf1856d8307d56500e0143cdb36225ae10c3542287e33b8efd6c1a33e
RND_D3,8,4,1,R_low,RND,diverse,R3_2,R3_3,R3_4,R3_1,c0e58ec3e140b9205e3be19202d5d4f91bbce563ebb942fb46f3367dfffaf0f0,5ad3ccf41bd6e5a58497ca1ebc37ffcd2507387fe6939ff92687f73ba0fb9622,f1acb1f6a6d46201d9f7726c504d6a160895854a84d4c760b158f633ff90c42e,08d63b73559ae3182f3f33f29e3c3a780f32068e74d7bc82ffe35e54bf778e0b,e2e7626d7e90745a1ea8a0b1c20e7dc2530bf3fce782b7bbc7677d5492932d81,424b9b9bb2ca83aa9a0162ac6c95ce09ace13c96431f6d7f4c193df8e22f5212,15aafc58d4266b03257db640e46bb76eda80b8a83e95c7508e3f65c7aa69a9aa,5e63ef1218ae73ee6c023485e2ab2804e86994d8307a84d9d8d851e212b67c0b,1,93a41e67f539b469a8c2855bc577805d4dc6a7ffcb8c648b11097c9d58ffbec7,2f7b8a6fd3cfbbae9897b4ef4dc9dcfd1bf7744619d5818ceaca7604d565aee3,e28719c9154bfcdce9c89ab5c91529eb27403ce54483eac494708c0f072b1f09,790e08faf1856d8307d56500e0143cdb36225ae10c3542287e33b8efd6c1a33e
RND_D3,8,4,2,R_low,RND,diverse,R3_3,R3_4,R3_1,R3_2,5ad3ccf41bd6e5a58497ca1ebc37ffcd2507387fe6939ff92687f73ba0fb9622,f1acb1f6a6d46201d9f7726c504d6a160895854a84d4c760b158f633ff90c42e,08d63b73559ae3182f3f33f29e3c3a780f32068e74d7bc82ffe35e54bf778e0b,c0e58ec3e140b9205e3be19202d5d4f91bbce563ebb942fb46f3367dfffaf0f0,424b9b9bb2ca83aa9a0162ac6c95ce09ace13c96431f6d7f4c193df8e22f5212,15aafc58d4266b03257db640e46bb76eda80b8a83e95c7508e3f65c7aa69a9aa,5e63ef1218ae73ee6c023485e2ab2804e86994d8307a84d9d8d851e212b67c0b,e2e7626d7e90745a1ea8a0b1c20e7dc2530bf3fce782b7bbc7677d5492932d81,2,93a41e67f539b469a8c2855bc577805d4dc6a7ffcb8c648b11097c9d58ffbec7,2f7b8a6fd3cfbbae9897b4ef4dc9dcfd1bf7744619d5818ceaca7604d565aee3,e28719c9154bfcdce9c89ab5c91529eb27403ce54483eac494708c0f072b1f09,790e08faf1856d8307d56500e0143cdb36225ae10c3542287e33b8efd6c1a33e
RND_D3,8,4,3,R_low,RND,diverse,R3_4,R3_1,R3_2,R3_3,f1acb1f6a6d46201d9f7726c504d6a160895854a84d4c760b158f633ff90c42e,08d63b73559ae3182f3f33f29e3c3a780f32068e74d7bc82ffe35e54bf778e0b,c0e58ec3e140b9205e3be19202d5d4f91bbce563ebb942fb46f3367dfffaf0f0,5ad3ccf41bd6e5a58497ca1ebc37ffcd2507387fe6939ff92687f73ba0fb9622,15aafc58d4266b03257db640e46bb76eda80b8a83e95c7508e3f65c7aa69a9aa,5e63ef1218ae73ee6c023485e2ab2804e86994d8307a84d9d8d851e212b67c0b,e2e7626d7e90745a1ea8a0b1c20e7dc2530bf3fce782b7bbc7677d5492932d81,424b9b9bb2ca83aa9a0162ac6c95ce09ace13c96431f6d7f4c193df8e22f5212,3,93a41e67f539b469a8c2855bc577805d4dc6a7ffcb8c648b11097c9d58ffbec7,2f7b8a6fd3cfbbae9897b4ef4dc9dcfd1bf7744619d5818ceaca7604d565aee3,e28719c9154bfcdce9c89ab5c91529eb27403ce54483eac494708c0f072b1f09,790e08faf1856d8307d56500e0143cdb36225ae10c3542287e33b8efd6c1a33e
RND_D3,32,1,0,R_high,RND,diverse,R3_1,R3_2,R3_3,R3_4,d7c033501ba8527a2248a9679870abd344ecf0bf84bce21acc9f639d9fd35923,07cd153a2be95a536116263ee0bb773d8a523fdd1645f0feea1350cc794cddd9,52568c2e5c52eefdb9fdb579a310fbbf964b5f8ab66e8f166741c2207d5791ae,8ef9397ba325a9c9f8fceb8829fc29b7da166d4535794a665c262dff08a5572d,700abbaeccc74c7e47a182b0c805407ae0f2a735849cc3efe8a53b0a760cc862,4fd7103d425a1d2b1b96b34edc49c70077edc01ce9d14df7679fb5929b0b64da,8380d942bbd30c47644b6afcc9ec8d0aba7acd9dc4ec753d84fab4015822b044,b6e919f9e8538f9f549bc2baf803c78202ac11ae4b0120c6f378214d2ca8a1ee,0,93a41e67f539b469a8c2855bc577805d4dc6a7ffcb8c648b11097c9d58ffbec7,2f7b8a6fd3cfbbae9897b4ef4dc9dcfd1bf7744619d5818ceaca7604d565aee3,e28719c9154bfcdce9c89ab5c91529eb27403ce54483eac494708c0f072b1f09,790e08faf1856d8307d56500e0143cdb36225ae10c3542287e33b8efd6c1a33e
RND_D3,32,1,1,R_high,RND,diverse,R3_2,R3_3,R3_4,R3_1,07cd153a2be95a536116263ee0bb773d8a523fdd1645f0feea1350cc794cddd9,52568c2e5c52eefdb9fdb579a310fbbf964b5f8ab66e8f166741c2207d5791ae,8ef9397ba325a9c9f8fceb8829fc29b7da166d4535794a665c262dff08a5572d,d7c033501ba8527a2248a9679870abd344ecf0bf84bce21acc9f639d9fd35923,4fd7103d425a1d2b1b96b34edc49c70077edc01ce9d14df7679fb5929b0b64da,8380d942bbd30c47644b6afcc9ec8d0aba7acd9dc4ec753d84fab4015822b044,b6e919f9e8538f9f549bc2baf803c78202ac11ae4b0120c6f378214d2ca8a1ee,700abbaeccc74c7e47a182b0c805407ae0f2a735849cc3efe8a53b0a760cc862,1,93a41e67f539b469a8c2855bc577805d4dc6a7ffcb8c648b11097c9d58ffbec7,2f7b8a6fd3cfbbae9897b4ef4dc9dcfd1bf7744619d5818ceaca7604d565aee3,e28719c9154bfcdce9c89ab5c91529eb27403ce54483eac494708c0f072b1f09,790e08faf1856d8307d56500e0143cdb36225ae10c3542287e33b8efd6c1a33e
RND_D3,32,1,2,R_high,RND,diverse,R3_3,R3_4,R3_1,R3_2,52568c2e5c52eefdb9fdb579a310fbbf964b5f8ab66e8f166741c2207d5791ae,8ef9397ba325a9c9f8fceb8829fc29b7da166d4535794a665c262dff08a5572d,d7c033501ba8527a2248a9679870abd344ecf0bf84bce21acc9f639d9fd35923,07cd153a2be95a536116263ee0bb773d8a523fdd1645f0feea1350cc794cddd9,8380d942bbd30c47644b6afcc9ec8d0aba7acd9dc4ec753d84fab4015822b044,b6e919f9e8538f9f549bc2baf803c78202ac11ae4b0120c6f378214d2ca8a1ee,700abbaeccc74c7e47a182b0c805407ae0f2a735849cc3efe8a53b0a760cc862,4fd7103d425a1d2b1b96b34edc49c70077edc01ce9d14df7679fb5929b0b64da,2,93a41e67f539b469a8c2855bc577805d4dc6a7ffcb8c648b11097c9d58ffbec7,2f7b8a6fd3cfbbae9897b4ef4dc9dcfd1bf7744619d5818ceaca7604d565aee3,e28719c9154bfcdce9c89ab5c91529eb27403ce54483eac494708c0f072b1f09,790e08faf1856d8307d56500e0143cdb36225ae10c3542287e33b8efd6c1a33e
RND_D3,32,1,3,R_high,RND,diverse,R3_4,R3_1,R3_2,R3_3,8ef9397ba325a9c9f8fceb8829fc29b7da166d4535794a665c262dff08a5572d,d7c033501ba8527a2248a9679870abd344ecf0bf84bce21acc9f639d9fd35923,07cd153a2be95a536116263ee0bb773d8a523fdd1645f0feea1350cc794cddd9,52568c2e5c52eefdb9fdb579a310fbbf964b5f8ab66e8f166741c2207d5791ae,b6e919f9e8538f9f549bc2baf803c78202ac11ae4b0120c6f378214d2ca8a1ee,700abbaeccc74c7e47a182b0c805407ae0f2a735849cc3efe8a53b0a760cc862,4fd7103d425a1d2b1b96b34edc49c70077edc01ce9d14df7679fb5929b0b64da,8380d942bbd30c47644b6afcc9ec8d0aba7acd9dc4ec753d84fab4015822b044,3,93a41e67f539b469a8c2855bc577805d4dc6a7ffcb8c648b11097c9d58ffbec7,2f7b8a6fd3cfbbae9897b4ef4dc9dcfd1bf7744619d5818ceaca7604d565aee3,e28719c9154bfcdce9c89ab5c91529eb27403ce54483eac494708c0f072b1f09,790e08faf1856d8307d56500e0143cdb36225ae10c3542287e33b8efd6c1a33e
LOC_S,8,4,0,R_low,LMTO,single,L1,L1,L1,L1,3de8bce25dbb1a6d914df0de51bda80be5d7d618fc9fd50614688d0b077dca53,3de8bce25dbb1a6d914df0de51bda80be5d7d618fc9fd50614688d0b077dca53,3de8bce25dbb1a6d914df0de51bda80be5d7d618fc9fd50614688d0b077dca53,3de8bce25dbb1a6d914df0de51bda80be5d7d618fc9fd50614688d0b077dca53,02d4ca6eb4c09e951b698dc85eff9c8b40f7064d5aa087ef8b081689daccdec7,02d4ca6eb4c09e951b698dc85eff9c8b40f7064d5aa087ef8b081689daccdec7,02d4ca6eb4c09e951b698dc85eff9c8b40f7064d5aa087ef8b081689daccdec7,02d4ca6eb4c09e951b698dc85eff9c8b40f7064d5aa087ef8b081689daccdec7,,93a41e67f539b469a8c2855bc577805d4dc6a7ffcb8c648b11097c9d58ffbec7,2f7b8a6fd3cfbbae9897b4ef4dc9dcfd1bf7744619d5818ceaca7604d565aee3,e28719c9154bfcdce9c89ab5c91529eb27403ce54483eac494708c0f072b1f09,790e08faf1856d8307d56500e0143cdb36225ae10c3542287e33b8efd6c1a33e
LOC_S,8,4,1,R_low,LMTO,single,L2,L2,L2,L2,23e52c218f568e3bb5b3aebd6cdf34ef0c95ac6265f2d59d377e85cf347bd46d,23e52c218f568e3bb5b3aebd6cdf34ef0c95ac6265f2d59d377e85cf347bd46d,23e52c218f568e3bb5b3aebd6cdf34ef0c95ac6265f2d59d377e85cf347bd46d,23e52c218f568e3bb5b3aebd6cdf34ef0c95ac6265f2d59d377e85cf347bd46d,e60e66c43f6d64924614317f8b8c2c145d19201c6a6d036db880a4bd4e996cf4,e60e66c43f6d64924614317f8b8c2c145d19201c6a6d036db880a4bd4e996cf4,e60e66c43f6d64924614317f8b8c2c145d19201c6a6d036db880a4bd4e996cf4,e60e66c43f6d64924614317f8b8c2c145d19201c6a6d036db880a4bd4e996cf4,,93a41e67f539b469a8c2855bc577805d4dc6a7ffcb8c648b11097c9d58ffbec7,2f7b8a6fd3cfbbae9897b4ef4dc9dcfd1bf7744619d5818ceaca7604d565aee3,e28719c9154bfcdce9c89ab5c91529eb27403ce54483eac494708c0f072b1f09,790e08faf1856d8307d56500e0143cdb36225ae10c3542287e33b8efd6c1a33e
LOC_S,8,4,2,R_low,LMTO,single,L3,L3,L3,L3,3f51c455720a5c3f26b8ed54c0a8be3527409b7abb00a1042096ee93bfa28b5c,3f51c455720a5c3f26b8ed54c0a8be3527409b7abb00a1042096ee93bfa28b5c,3f51c455720a5c3f26b8ed54c0a8be3527409b7abb00a1042096ee93bfa28b5c,3f51c455720a5c3f26b8ed54c0a8be3527409b7abb00a1042096ee93bfa28b5c,af6fa1683cf722a5a56194b43e3235a939614d6b054856a106b6f236b8dfd745,af6fa1683cf722a5a56194b43e3235a939614d6b054856a106b6f236b8dfd745,af6fa1683cf722a5a56194b43e3235a939614d6b054856a106b6f236b8dfd745,af6fa1683cf722a5a56194b43e3235a939614d6b054856a106b6f236b8dfd745,,93a41e67f539b469a8c2855bc577805d4dc6a7ffcb8c648b11097c9d58ffbec7,2f7b8a6fd3cfbbae9897b4ef4dc9dcfd1bf7744619d5818ceaca7604d565aee3,e28719c9154bfcdce9c89ab5c91529eb27403ce54483eac494708c0f072b1f09,790e08faf1856d8307d56500e0143cdb36225ae10c3542287e33b8efd6c1a33e
LOC_S,8,4,3,R_low,LMTO,single,L4,L4,L4,L4,24294a4a911ede8b8969765e58fd3ec49210ba921f7c03046dc87006cf264c20,24294a4a911ede8b8969765e58fd3ec49210ba921f7c03046dc87006cf264c20,24294a4a911ede8b8969765e58fd3ec49210ba921f7c03046dc87006cf264c20,24294a4a911ede8b8969765e58fd3ec49210ba921f7c03046dc87006cf264c20,ca90d0fab1ef542ccc72ff749a43cf26c949142c3698561c92617e6421eda04d,ca90d0fab1ef542ccc72ff749a43cf26c949142c3698561c92617e6421eda04d,ca90d0fab1ef542ccc72ff749a43cf26c949142c3698561c92617e6421eda04d,ca90d0fab1ef542ccc72ff749a43cf26c949142c3698561c92617e6421eda04d,,93a41e67f539b469a8c2855bc577805d4dc6a7ffcb8c648b11097c9d58ffbec7,2f7b8a6fd3cfbbae9897b4ef4dc9dcfd1bf7744619d5818ceaca7604d565aee3,e28719c9154bfcdce9c89ab5c91529eb27403ce54483eac494708c0f072b1f09,790e08faf1856d8307d56500e0143cdb36225ae10c3542287e33b8efd6c1a33e
LOC_S,32,1,0,R_high,LMTO,single,L1,L1,L1,L1,559200199ddd125fb84fa4e717edf7d1276168a2ba3c022fccdbfba7ba906d21,559200199ddd125fb84fa4e717edf7d1276168a2ba3c022fccdbfba7ba906d21,559200199ddd125fb84fa4e717edf7d1276168a2ba3c022fccdbfba7ba906d21,559200199ddd125fb84fa4e717edf7d1276168a2ba3c022fccdbfba7ba906d21,c03cd8f43d97bdfe83e4e18bdb595669086141c5c77cc0fe4ae93161d3c71d72,c03cd8f43d97bdfe83e4e18bdb595669086141c5c77cc0fe4ae93161d3c71d72,c03cd8f43d97bdfe83e4e18bdb595669086141c5c77cc0fe4ae93161d3c71d72,c03cd8f43d97bdfe83e4e18bdb595669086141c5c77cc0fe4ae93161d3c71d72,,93a41e67f539b469a8c2855bc577805d4dc6a7ffcb8c648b11097c9d58ffbec7,2f7b8a6fd3cfbbae9897b4ef4dc9dcfd1bf7744619d5818ceaca7604d565aee3,e28719c9154bfcdce9c89ab5c91529eb27403ce54483eac494708c0f072b1f09,790e08faf1856d8307d56500e0143cdb36225ae10c3542287e33b8efd6c1a33e
LOC_S,32,1,1,R_high,LMTO,single,L2,L2,L2,L2,584d18f8dc56ec52a5a58dfabdccdb2497b5259b105d0c30fa6c14a0952ffcc2,584d18f8dc56ec52a5a58dfabdccdb2497b5259b105d0c30fa6c14a0952ffcc2,584d18f8dc56ec52a5a58dfabdccdb2497b5259b105d0c30fa6c14a0952ffcc2,584d18f8dc56ec52a5a58dfabdccdb2497b5259b105d0c30fa6c14a0952ffcc2,b13b0e0da901493e4ac5cb1d68206a80f96de49df138158c408ac7677352527f,b13b0e0da901493e4ac5cb1d68206a80f96de49df138158c408ac7677352527f,b13b0e0da901493e4ac5cb1d68206a80f96de49df138158c408ac7677352527f,b13b0e0da901493e4ac5cb1d68206a80f96de49df138158c408ac7677352527f,,93a41e67f539b469a8c2855bc577805d4dc6a7ffcb8c648b11097c9d58ffbec7,2f7b8a6fd3cfbbae9897b4ef4dc9dcfd1bf7744619d5818ceaca7604d565aee3,e28719c9154bfcdce9c89ab5c91529eb27403ce54483eac494708c0f072b1f09,790e08faf1856d8307d56500e0143cdb36225ae10c3542287e33b8efd6c1a33e
LOC_S,32,1,2,R_high,LMTO,single,L3,L3,L3,L3,a8d13331184c4a4415fccd8ef42c1837f8545e84924b7de2ae21120a913e1dd1,a8d13331184c4a4415fccd8ef42c1837f8545e84924b7de2ae21120a913e1dd1,a8d13331184c4a4415fccd8ef42c1837f8545e84924b7de2ae21120a913e1dd1,a8d13331184c4a4415fccd8ef42c1837f8545e84924b7de2ae21120a913e1dd1,41f022a0037940dd20c2d0bb41628b85b7dd854a9ed06b69ede008569dbb4e10,41f022a0037940dd20c2d0bb41628b85b7dd854a9ed06b69ede008569dbb4e10,41f022a0037940dd20c2d0bb41628b85b7dd854a9ed06b69ede008569dbb4e10,41f022a0037940dd20c2d0bb41628b85b7dd854a9ed06b69ede008569dbb4e10,,93a41e67f539b469a8c2855bc577805d4dc6a7ffcb8c648b11097c9d58ffbec7,2f7b8a6fd3cfbbae9897b4ef4dc9dcfd1bf7744619d5818ceaca7604d565aee3,e28719c9154bfcdce9c89ab5c91529eb27403ce54483eac494708c0f072b1f09,790e08faf1856d8307d56500e0143cdb36225ae10c3542287e33b8efd6c1a33e
LOC_S,32,1,3,R_high,LMTO,single,L4,L4,L4,L4,262703529def5f54f48dd7ac64d6d0f2ea072dd55a649fc0e39686ebe223c524,262703529def5f54f48dd7ac64d6d0f2ea072dd55a649fc0e39686ebe223c524,262703529def5f54f48dd7ac64d6d0f2ea072dd55a649fc0e39686ebe223c524,262703529def5f54f48dd7ac64d6d0f2ea072dd55a649fc0e39686ebe223c524,cc565bf0510d54c5bc26ffac0e939345cd908fa85e02b3c5ec9101427cfc2ce8,cc565bf0510d54c5bc26ffac0e939345cd908fa85e02b3c5ec9101427cfc2ce8,cc565bf0510d54c5bc26ffac0e939345cd908fa85e02b3c5ec9101427cfc2ce8,cc565bf0510d54c5bc26ffac0e939345cd908fa85e02b3c5ec9101427cfc2ce8,,93a41e67f539b469a8c2855bc577805d4dc6a7ffcb8c648b11097c9d58ffbec7,2f7b8a6fd3cfbbae9897b4ef4dc9dcfd1bf7744619d5818ceaca7604d565aee3,e28719c9154bfcdce9c89ab5c91529eb27403ce54483eac494708c0f072b1f09,790e08faf1856d8307d56500e0143cdb36225ae10c3542287e33b8efd6c1a33e
LOC_D,8,4,0,R_low,LMTO,diverse,L1,L2,L3,L4,3de8bce25dbb1a6d914df0de51bda80be5d7d618fc9fd50614688d0b077dca53,23e52c218f568e3bb5b3aebd6cdf34ef0c95ac6265f2d59d377e85cf347bd46d,3f51c455720a5c3f26b8ed54c0a8be3527409b7abb00a1042096ee93bfa28b5c,24294a4a911ede8b8969765e58fd3ec49210ba921f7c03046dc87006cf264c20,02d4ca6eb4c09e951b698dc85eff9c8b40f7064d5aa087ef8b081689daccdec7,e60e66c43f6d64924614317f8b8c2c145d19201c6a6d036db880a4bd4e996cf4,af6fa1683cf722a5a56194b43e3235a939614d6b054856a106b6f236b8dfd745,ca90d0fab1ef542ccc72ff749a43cf26c949142c3698561c92617e6421eda04d,0,93a41e67f539b469a8c2855bc577805d4dc6a7ffcb8c648b11097c9d58ffbec7,2f7b8a6fd3cfbbae9897b4ef4dc9dcfd1bf7744619d5818ceaca7604d565aee3,e28719c9154bfcdce9c89ab5c91529eb27403ce54483eac494708c0f072b1f09,790e08faf1856d8307d56500e0143cdb36225ae10c3542287e33b8efd6c1a33e
LOC_D,8,4,1,R_low,LMTO,diverse,L2,L3,L4,L1,23e52c218f568e3bb5b3aebd6cdf34ef0c95ac6265f2d59d377e85cf347bd46d,3f51c455720a5c3f26b8ed54c0a8be3527409b7abb00a1042096ee93bfa28b5c,24294a4a911ede8b8969765e58fd3ec49210ba921f7c03046dc87006cf264c20,3de8bce25dbb1a6d914df0de51bda80be5d7d618fc9fd50614688d0b077dca53,e60e66c43f6d64924614317f8b8c2c145d19201c6a6d036db880a4bd4e996cf4,af6fa1683cf722a5a56194b43e3235a939614d6b054856a106b6f236b8dfd745,ca90d0fab1ef542ccc72ff749a43cf26c949142c3698561c92617e6421eda04d,02d4ca6eb4c09e951b698dc85eff9c8b40f7064d5aa087ef8b081689daccdec7,1,93a41e67f539b469a8c2855bc577805d4dc6a7ffcb8c648b11097c9d58ffbec7,2f7b8a6fd3cfbbae9897b4ef4dc9dcfd1bf7744619d5818ceaca7604d565aee3,e28719c9154bfcdce9c89ab5c91529eb27403ce54483eac494708c0f072b1f09,790e08faf1856d8307d56500e0143cdb36225ae10c3542287e33b8efd6c1a33e
LOC_D,8,4,2,R_low,LMTO,diverse,L3,L4,L1,L2,3f51c455720a5c3f26b8ed54c0a8be3527409b7abb00a1042096ee93bfa28b5c,24294a4a911ede8b8969765e58fd3ec49210ba921f7c03046dc87006cf264c20,3de8bce25dbb1a6d914df0de51bda80be5d7d618fc9fd50614688d0b077dca53,23e52c218f568e3bb5b3aebd6cdf34ef0c95ac6265f2d59d377e85cf347bd46d,af6fa1683cf722a5a56194b43e3235a939614d6b054856a106b6f236b8dfd745,ca90d0fab1ef542ccc72ff749a43cf26c949142c3698561c92617e6421eda04d,02d4ca6eb4c09e951b698dc85eff9c8b40f7064d5aa087ef8b081689daccdec7,e60e66c43f6d64924614317f8b8c2c145d19201c6a6d036db880a4bd4e996cf4,2,93a41e67f539b469a8c2855bc577805d4dc6a7ffcb8c648b11097c9d58ffbec7,2f7b8a6fd3cfbbae9897b4ef4dc9dcfd1bf7744619d5818ceaca7604d565aee3,e28719c9154bfcdce9c89ab5c91529eb27403ce54483eac494708c0f072b1f09,790e08faf1856d8307d56500e0143cdb36225ae10c3542287e33b8efd6c1a33e
LOC_D,8,4,3,R_low,LMTO,diverse,L4,L1,L2,L3,24294a4a911ede8b8969765e58fd3ec49210ba921f7c03046dc87006cf264c20,3de8bce25dbb1a6d914df0de51bda80be5d7d618fc9fd50614688d0b077dca53,23e52c218f568e3bb5b3aebd6cdf34ef0c95ac6265f2d59d377e85cf347bd46d,3f51c455720a5c3f26b8ed54c0a8be3527409b7abb00a1042096ee93bfa28b5c,ca90d0fab1ef542ccc72ff749a43cf26c949142c3698561c92617e6421eda04d,02d4ca6eb4c09e951b698dc85eff9c8b40f7064d5aa087ef8b081689daccdec7,e60e66c43f6d64924614317f8b8c2c145d19201c6a6d036db880a4bd4e996cf4,af6fa1683cf722a5a56194b43e3235a939614d6b054856a106b6f236b8dfd745,3,93a41e67f539b469a8c2855bc577805d4dc6a7ffcb8c648b11097c9d58ffbec7,2f7b8a6fd3cfbbae9897b4ef4dc9dcfd1bf7744619d5818ceaca7604d565aee3,e28719c9154bfcdce9c89ab5c91529eb27403ce54483eac494708c0f072b1f09,790e08faf1856d8307d56500e0143cdb36225ae10c3542287e33b8efd6c1a33e
LOC_D,32,1,0,R_high,LMTO,diverse,L1,L2,L3,L4,559200199ddd125fb84fa4e717edf7d1276168a2ba3c022fccdbfba7ba906d21,584d18f8dc56ec52a5a58dfabdccdb2497b5259b105d0c30fa6c14a0952ffcc2,a8d13331184c4a4415fccd8ef42c1837f8545e84924b7de2ae21120a913e1dd1,262703529def5f54f48dd7ac64d6d0f2ea072dd55a649fc0e39686ebe223c524,c03cd8f43d97bdfe83e4e18bdb595669086141c5c77cc0fe4ae93161d3c71d72,b13b0e0da901493e4ac5cb1d68206a80f96de49df138158c408ac7677352527f,41f022a0037940dd20c2d0bb41628b85b7dd854a9ed06b69ede008569dbb4e10,cc565bf0510d54c5bc26ffac0e939345cd908fa85e02b3c5ec9101427cfc2ce8,0,93a41e67f539b469a8c2855bc577805d4dc6a7ffcb8c648b11097c9d58ffbec7,2f7b8a6fd3cfbbae9897b4ef4dc9dcfd1bf7744619d5818ceaca7604d565aee3,e28719c9154bfcdce9c89ab5c91529eb27403ce54483eac494708c0f072b1f09,790e08faf1856d8307d56500e0143cdb36225ae10c3542287e33b8efd6c1a33e
LOC_D,32,1,1,R_high,LMTO,diverse,L2,L3,L4,L1,584d18f8dc56ec52a5a58dfabdccdb2497b5259b105d0c30fa6c14a0952ffcc2,a8d13331184c4a4415fccd8ef42c1837f8545e84924b7de2ae21120a913e1dd1,262703529def5f54f48dd7ac64d6d0f2ea072dd55a649fc0e39686ebe223c524,559200199ddd125fb84fa4e717edf7d1276168a2ba3c022fccdbfba7ba906d21,b13b0e0da901493e4ac5cb1d68206a80f96de49df138158c408ac7677352527f,41f022a0037940dd20c2d0bb41628b85b7dd854a9ed06b69ede008569dbb4e10,cc565bf0510d54c5bc26ffac0e939345cd908fa85e02b3c5ec9101427cfc2ce8,c03cd8f43d97bdfe83e4e18bdb595669086141c5c77cc0fe4ae93161d3c71d72,1,93a41e67f539b469a8c2855bc577805d4dc6a7ffcb8c648b11097c9d58ffbec7,2f7b8a6fd3cfbbae9897b4ef4dc9dcfd1bf7744619d5818ceaca7604d565aee3,e28719c9154bfcdce9c89ab5c91529eb27403ce54483eac494708c0f072b1f09,790e08faf1856d8307d56500e0143cdb36225ae10c3542287e33b8efd6c1a33e
LOC_D,32,1,2,R_high,LMTO,diverse,L3,L4,L1,L2,a8d13331184c4a4415fccd8ef42c1837f8545e84924b7de2ae21120a913e1dd1,262703529def5f54f48dd7ac64d6d0f2ea072dd55a649fc0e39686ebe223c524,559200199ddd125fb84fa4e717edf7d1276168a2ba3c022fccdbfba7ba906d21,584d18f8dc56ec52a5a58dfabdccdb2497b5259b105d0c30fa6c14a0952ffcc2,41f022a0037940dd20c2d0bb41628b85b7dd854a9ed06b69ede008569dbb4e10,cc565bf0510d54c5bc26ffac0e939345cd908fa85e02b3c5ec9101427cfc2ce8,c03cd8f43d97bdfe83e4e18bdb595669086141c5c77cc0fe4ae93161d3c71d72,b13b0e0da901493e4ac5cb1d68206a80f96de49df138158c408ac7677352527f,2,93a41e67f539b469a8c2855bc577805d4dc6a7ffcb8c648b11097c9d58ffbec7,2f7b8a6fd3cfbbae9897b4ef4dc9dcfd1bf7744619d5818ceaca7604d565aee3,e28719c9154bfcdce9c89ab5c91529eb27403ce54483eac494708c0f072b1f09,790e08faf1856d8307d56500e0143cdb36225ae10c3542287e33b8efd6c1a33e
LOC_D,32,1,3,R_high,LMTO,diverse,L4,L1,L2,L3,262703529def5f54f48dd7ac64d6d0f2ea072dd55a649fc0e39686ebe223c524,559200199ddd125fb84fa4e717edf7d1276168a2ba3c022fccdbfba7ba906d21,584d18f8dc56ec52a5a58dfabdccdb2497b5259b105d0c30fa6c14a0952ffcc2,a8d13331184c4a4415fccd8ef42c1837f8545e84924b7de2ae21120a913e1dd1,cc565bf0510d54c5bc26ffac0e939345cd908fa85e02b3c5ec9101427cfc2ce8,c03cd8f43d97bdfe83e4e18bdb595669086141c5c77cc0fe4ae93161d3c71d72,b13b0e0da901493e4ac5cb1d68206a80f96de49df138158c408ac7677352527f,41f022a0037940dd20c2d0bb41628b85b7dd854a9ed06b69ede008569dbb4e10,3,93a41e67f539b469a8c2855bc577805d4dc6a7ffcb8c648b11097c9d58ffbec7,2f7b8a6fd3cfbbae9897b4ef4dc9dcfd1bf7744619d5818ceaca7604d565aee3,e28719c9154bfcdce9c89ab5c91529eb27403ce54483eac494708c0f072b1f09,790e08faf1856d8307d56500e0143cdb36225ae10c3542287e33b8efd6c1a33e
