block_type,grid,epoch,acc_row,acc_col,acc_real_4dir,acc_same_row_4,acc_shuffle_row,delta_direction,order_utilization
gru,8,1,0.3337,0.3254,0.3531,0.3491,0.3279,0.0040000000000000036,0.005799999999999972
gru,8,2,0.4002,0.4065,0.435,0.4211,0.3915,0.013900000000000023,0.008699999999999986
gru,8,3,0.4658,0.4593,0.4996,0.4963,0.4466,0.0032999999999999696,0.019199999999999995
gru,8,4,0.5033,0.4876,0.5542,0.5485,0.4774,0.005700000000000038,0.02589999999999998
gru,8,5,0.5226,0.5158,0.5511,0.5607,0.494,-0.009599999999999942,0.02859999999999996
gru,8,6,0.5587,0.5561,0.6119,0.6063,0.5263,0.005600000000000049,0.032399999999999984
gru,8,7,0.6052,0.5844,0.6334,0.643,0.5535,-0.009600000000000053,0.05169999999999997
gru,8,8,0.6095,0.5901,0.6238,0.6446,0.5492,-0.02079999999999993,0.06030000000000002
gru,8,9,0.6359,0.6084,0.6497,0.6412,0.5707,0.008500000000000063,0.06520000000000004
gru,8,10,0.6386,0.6089,0.6627,0.6673,0.5749,-0.0046000000000000485,0.06369999999999998
gru,8,11,0.652,0.6328,0.6741,0.6755,0.5942,-0.0013999999999999568,0.057800000000000074
gru,8,12,0.6524,0.6362,0.6822,0.6834,0.5864,-0.0011999999999999789,0.06599999999999995
gru,8,13,0.6565,0.6474,0.6884,0.687,0.6061,0.0013999999999999568,0.0504
gru,8,14,0.671,0.6589,0.6978,0.6947,0.61,0.0030999999999999917,0.061000000000000054
gru,8,15,0.6764,0.6592,0.7077,0.7064,0.611,0.0012999999999999678,0.06540000000000001
gru,8,16,0.6762,0.6642,0.7088,0.7101,0.6197,-0.0012999999999999678,0.056499999999999995
gru,8,17,0.6788,0.6765,0.7118,0.713,0.625,-0.0011999999999999789,0.05379999999999996
gru,8,18,0.6821,0.6823,0.7176,0.7133,0.6247,0.0042999999999999705,0.05740000000000001
gru,8,19,0.6955,0.6834,0.7225,0.7129,0.6287,0.009600000000000053,0.06679999999999997
gru,8,20,0.6873,0.6793,0.7133,0.713,0.6374,0.000300000000000078,0.049900000000000055
gru,8,21,0.6972,0.689,0.7297,0.7225,0.6411,0.007199999999999984,0.05610000000000004
gru,8,22,0.6912,0.6872,0.7215,0.7259,0.6347,-0.0043999999999999595,0.056499999999999995
gru,8,23,0.7015,0.691,0.7363,0.7355,0.6516,0.0007999999999999119,0.049900000000000055
gru,8,24,0.6973,0.6934,0.7345,0.7298,0.6517,0.0047000000000000375,0.045600000000000085
gru,8,25,0.713,0.7023,0.7418,0.7343,0.6521,0.007500000000000062,0.060899999999999954
gru,8,26,0.7035,0.7027,0.7331,0.7294,0.6472,0.0036999999999999256,0.05630000000000002
gru,8,27,0.6959,0.7057,0.73,0.7295,0.6554,0.0004999999999999449,0.04049999999999998
gru,8,28,0.7179,0.7104,0.7551,0.7438,0.6594,0.011299999999999977,0.058499999999999996
gru,8,29,0.7202,0.712,0.7456,0.742,0.6636,0.0036000000000000476,0.056599999999999984
gru,8,30,0.7197,0.7152,0.7573,0.7518,0.6608,0.005499999999999949,0.05889999999999995
gru,8,31,0.7166,0.716,0.7504,0.7358,0.6587,0.014599999999999946,0.05790000000000006
gru,8,32,0.7233,0.7211,0.7586,0.7458,0.6666,0.012800000000000034,0.056700000000000084
gru,8,33,0.7187,0.7217,0.762,0.7545,0.6699,0.007500000000000062,0.048799999999999955
gru,8,34,0.7262,0.7149,0.7527,0.7561,0.6641,-0.0033999999999999586,0.06209999999999993
gru,8,35,0.7288,0.721,0.7614,0.7579,0.6672,0.0034999999999999476,0.06159999999999999
gru,8,36,0.7188,0.7148,0.7572,0.7547,0.6652,0.0024999999999999467,0.05359999999999998
gru,8,37,0.7217,0.7252,0.7683,0.7551,0.6744,0.01319999999999999,0.04730000000000001
gru,8,38,0.7281,0.7309,0.7692,0.7621,0.6757,0.007099999999999995,0.0524
gru,8,39,0.7248,0.7247,0.7689,0.7599,0.671,0.009000000000000008,0.05379999999999996
gru,8,40,0.7346,0.7295,0.7675,0.7571,0.6778,0.010399999999999965,0.05680000000000007
gru,8,41,0.7387,0.7233,0.7665,0.766,0.6697,0.0004999999999999449,0.06900000000000006
gru,8,42,0.7333,0.7295,0.7565,0.7697,0.6698,-0.0132000000000001,0.0635
gru,8,43,0.7398,0.7371,0.7692,0.7668,0.675,0.0023999999999999577,0.06479999999999997
gru,8,44,0.7409,0.7318,0.7698,0.7695,0.6798,0.000300000000000078,0.06110000000000004
gru,8,45,0.736,0.7346,0.7693,0.7701,0.6851,-0.0008000000000000229,0.050899999999999945
gru,8,46,0.7412,0.7342,0.7741,0.7739,0.6895,0.00019999999999997797,0.05169999999999997
gru,8,47,0.7443,0.7348,0.7751,0.7734,0.6835,0.0017000000000000348,0.060799999999999965
gru,8,48,0.7448,0.7372,0.7772,0.7752,0.6921,0.0020000000000000018,0.05269999999999997
gru,8,49,0.7536,0.7301,0.7771,0.7735,0.6903,0.0036000000000000476,0.06330000000000002
gru,8,50,0.7383,0.7344,0.7749,0.7613,0.6878,0.013600000000000056,0.05049999999999999
gru,8,51,0.7421,0.7383,0.7794,0.7675,0.693,0.011900000000000022,0.04910000000000003
gru,8,52,0.7479,0.7411,0.7855,0.7783,0.6944,0.007199999999999984,0.05349999999999999
gru,8,53,0.7525,0.7428,0.7839,0.7784,0.694,0.00550000000000006,0.058499999999999996
gru,8,54,0.7528,0.7415,0.7869,0.7825,0.6937,0.0044000000000000705,0.05910000000000004
gru,8,55,0.7468,0.7494,0.7807,0.7784,0.693,0.0022999999999999687,0.05380000000000007
gru,8,56,0.7454,0.7362,0.7828,0.7747,0.6932,0.008099999999999996,0.05219999999999991
gru,8,57,0.7534,0.7505,0.79,0.7893,0.6936,0.0007000000000000339,0.059799999999999964
gru,8,58,0.7521,0.7477,0.784,0.7856,0.6951,-0.0015999999999999348,0.05699999999999994
gru,8,59,0.7505,0.7507,0.7848,0.7808,0.6964,0.0040000000000000036,0.054099999999999926
gru,8,60,0.7526,0.7479,0.7891,0.7848,0.7017,0.0042999999999999705,0.050900000000000056
gru,8,61,0.7516,0.7502,0.7899,0.7895,0.6976,0.00040000000000006697,0.05400000000000005
gru,8,62,0.7532,0.7503,0.7908,0.7856,0.6974,0.005199999999999982,0.05579999999999996
gru,8,63,0.7551,0.7587,0.7923,0.7882,0.6969,0.0040999999999999925,0.05820000000000003
gru,8,64,0.7576,0.7542,0.7965,0.7873,0.701,0.009199999999999986,0.056600000000000095
gru,8,65,0.7591,0.7573,0.7985,0.7929,0.7031,0.005599999999999938,0.05600000000000005
gru,8,66,0.757,0.7521,0.7921,0.7873,0.7003,0.0048000000000000265,0.05669999999999997
gru,8,67,0.7622,0.7591,0.797,0.7904,0.707,0.00660000000000005,0.05520000000000003
gru,8,68,0.7549,0.7585,0.7935,0.7906,0.7029,0.0029000000000000137,0.052000000000000046
gru,8,69,0.7572,0.7555,0.7912,0.7883,0.7029,0.0029000000000000137,0.054300000000000015
gru,8,70,0.7591,0.7575,0.8007,0.793,0.7073,0.007699999999999929,0.05179999999999996
gru,8,71,0.7602,0.758,0.8,0.7977,0.7072,0.0023000000000000798,0.052999999999999936
gru,8,72,0.7593,0.7571,0.7982,0.7906,0.7091,0.007600000000000051,0.05020000000000002
gru,8,73,0.762,0.7597,0.8036,0.7952,0.7049,0.008399999999999963,0.05710000000000004
gru,8,74,0.7634,0.7597,0.8021,0.7962,0.7107,0.005900000000000016,0.05269999999999997
gru,8,75,0.7637,0.7589,0.8028,0.7995,0.707,0.0032999999999999696,0.056700000000000084
gru,8,76,0.7611,0.7624,0.8066,0.8015,0.7107,0.005099999999999993,0.0504
gru,8,77,0.7644,0.7637,0.8027,0.7979,0.7105,0.0047999999999999154,0.05389999999999995
gru,8,78,0.7684,0.7639,0.8019,0.799,0.7077,0.0028999999999999027,0.060699999999999976
gru,8,79,0.768,0.764,0.8064,0.8027,0.7111,0.0037000000000000366,0.05690000000000006
gru,8,80,0.764,0.7652,0.8064,0.7994,0.7154,0.007000000000000006,0.04859999999999998
gru,8,81,0.7636,0.7639,0.8062,0.7999,0.713,0.006299999999999972,0.05059999999999998
gru,8,82,0.767,0.7691,0.8055,0.7976,0.7148,0.007900000000000018,0.052200000000000024
gru,8,83,0.7682,0.7628,0.8106,0.8022,0.7138,0.008399999999999963,0.054400000000000004
gru,8,84,0.7679,0.7659,0.8076,0.8024,0.7163,0.005199999999999982,0.05159999999999998
gru,8,85,0.7697,0.766,0.8088,0.8025,0.7144,0.006299999999999972,0.055300000000000016
gru,8,86,0.767,0.7655,0.8092,0.8017,0.7133,0.007500000000000062,0.05369999999999997
gru,8,87,0.7693,0.7659,0.8106,0.8029,0.7141,0.00770000000000004,0.05520000000000003
gru,8,88,0.7699,0.7664,0.8104,0.8043,0.7162,0.006099999999999994,0.05370000000000008
gru,8,89,0.769,0.7684,0.8124,0.8032,0.7132,0.009199999999999986,0.05580000000000007
gru,8,90,0.7674,0.7697,0.8117,0.8039,0.7157,0.007800000000000029,0.05169999999999997
gru,8,91,0.7698,0.7686,0.8123,0.803,0.716,0.009299999999999975,0.05380000000000007
gru,8,92,0.7696,0.767,0.8121,0.8045,0.7158,0.007600000000000051,0.05379999999999996
gru,8,93,0.7686,0.7683,0.8113,0.8037,0.7149,0.007600000000000051,0.05369999999999997
gru,8,94,0.7706,0.7683,0.8122,0.8044,0.7165,0.007800000000000029,0.054099999999999926
gru,8,95,0.7698,0.7687,0.8112,0.804,0.7155,0.007199999999999984,0.054300000000000015
gru,8,96,0.7696,0.7679,0.8115,0.8041,0.7174,0.007399999999999962,0.05219999999999991
gru,8,97,0.7702,0.7681,0.8106,0.8051,0.7179,0.005499999999999949,0.05230000000000001
gru,8,98,0.7703,0.7685,0.811,0.8044,0.7177,0.00660000000000005,0.05259999999999998
gru,8,99,0.7706,0.7683,0.8109,0.8047,0.7173,0.006199999999999983,0.0532999999999999
gru,8,100,0.7706,0.7683,0.8109,0.8047,0.7173,0.006199999999999983,0.0532999999999999
gru,16,1,0.3077,0.3211,0.3349,0.3219,0.3069,0.012999999999999956,0.0007999999999999674
gru,16,2,0.3976,0.4122,0.4495,0.4271,0.3957,0.02240000000000003,0.0019000000000000128
gru,16,3,0.4503,0.4858,0.5295,0.522,0.4595,0.007499999999999951,-0.009200000000000041
gru,16,4,0.5447,0.5204,0.5783,0.5809,0.4803,-0.0025999999999999357,0.06439999999999996
gru,16,5,0.5666,0.5385,0.5914,0.5933,0.5147,-0.0019000000000000128,0.051899999999999946
gru,16,6,0.6051,0.6058,0.636,0.6391,0.547,-0.0030999999999999917,0.05809999999999993
gru,16,7,0.6444,0.6226,0.6708,0.6746,0.576,-0.0038000000000000256,0.06840000000000002
gru,16,8,0.6502,0.6351,0.6806,0.6777,0.5776,0.0029000000000000137,0.0726
gru,16,9,0.675,0.6497,0.7044,0.7019,0.5861,0.0025000000000000577,0.08890000000000009
gru,16,10,0.6718,0.6532,0.6979,0.6953,0.6081,0.0025999999999999357,0.06369999999999998
gru,16,11,0.6874,0.6674,0.7143,0.7172,0.6052,-0.0028999999999999027,0.08220000000000005
gru,16,12,0.6947,0.6739,0.7266,0.7191,0.6119,0.007500000000000062,0.08279999999999998
gru,16,13,0.6953,0.6854,0.7214,0.7115,0.6263,0.00990000000000002,0.06900000000000006
gru,16,14,0.7083,0.6891,0.734,0.7324,0.6306,0.0015999999999999348,0.07769999999999999
gru,16,15,0.7093,0.69,0.7474,0.7422,0.6425,0.005199999999999982,0.06680000000000008
gru,16,16,0.7175,0.6859,0.7382,0.7401,0.6411,-0.0019000000000000128,0.07640000000000002
gru,16,17,0.7252,0.7035,0.7457,0.7483,0.6532,-0.0025999999999999357,0.07199999999999995
gru,16,18,0.7263,0.7092,0.7478,0.7563,0.6497,-0.008499999999999952,0.07659999999999989
gru,16,19,0.7182,0.706,0.758,0.7443,0.6601,0.013700000000000045,0.05809999999999993
gru,16,20,0.7269,0.7109,0.7636,0.7537,0.6531,0.009899999999999909,0.07379999999999998
gru,16,21,0.7359,0.7236,0.7656,0.7591,0.6617,0.00649999999999995,0.07420000000000004
gru,16,22,0.7256,0.7157,0.7617,0.7605,0.6608,0.0012000000000000899,0.06479999999999997
gru,16,23,0.742,0.7185,0.7695,0.7717,0.6698,-0.0022000000000000908,0.07220000000000004
gru,16,24,0.7363,0.719,0.77,0.7755,0.6695,-0.005499999999999949,0.06679999999999997
gru,16,25,0.7422,0.7221,0.7694,0.7778,0.6718,-0.008400000000000074,0.07040000000000002
gru,16,26,0.7413,0.7238,0.771,0.769,0.6751,0.0020000000000000018,0.06619999999999993
gru,16,27,0.7365,0.7274,0.7794,0.7683,0.6659,0.011099999999999999,0.0706
gru,16,28,0.7559,0.7315,0.7787,0.7844,0.6796,-0.005700000000000038,0.07630000000000003
gru,16,29,0.7469,0.7265,0.7727,0.7766,0.677,-0.0038999999999999035,0.06989999999999996
gru,16,30,0.7569,0.7394,0.7809,0.7799,0.688,0.0010000000000000009,0.06890000000000007
gru,16,31,0.7539,0.73,0.7755,0.7833,0.6762,-0.007800000000000029,0.07769999999999999
gru,16,32,0.7554,0.7432,0.7811,0.7818,0.6924,-0.0007000000000000339,0.06299999999999994
gru,16,33,0.7446,0.737,0.7874,0.7802,0.6882,0.007199999999999984,0.056400000000000006
gru,16,34,0.7586,0.7428,0.7844,0.7824,0.6925,0.0020000000000000018,0.06610000000000005
gru,16,35,0.766,0.7459,0.7962,0.786,0.693,0.010199999999999987,0.07300000000000006
gru,16,36,0.7521,0.7458,0.7848,0.7845,0.6847,0.000300000000000078,0.06740000000000002
gru,16,37,0.7664,0.7442,0.793,0.7885,0.695,0.0045000000000000595,0.07140000000000002
gru,16,38,0.7677,0.7487,0.7922,0.7907,0.6946,0.0015000000000000568,0.07310000000000005
gru,16,39,0.7597,0.7455,0.7904,0.783,0.6924,0.007399999999999962,0.06730000000000003
gru,16,40,0.7692,0.7479,0.7963,0.7969,0.7056,-0.0006000000000000449,0.06359999999999999
gru,16,41,0.7622,0.7488,0.7952,0.785,0.6943,0.010199999999999987,0.06789999999999996
gru,16,42,0.7754,0.7551,0.7985,0.7981,0.7023,0.00039999999999995595,0.07309999999999994
gru,16,43,0.7683,0.7483,0.7959,0.7968,0.6841,-0.0008999999999999009,0.08419999999999994
gru,16,44,0.7689,0.7537,0.8046,0.7961,0.696,0.008499999999999952,0.07290000000000008
gru,16,45,0.777,0.7577,0.8022,0.8047,0.7077,-0.0024999999999999467,0.06930000000000003
gru,16,46,0.7706,0.7524,0.7984,0.803,0.706,-0.0046000000000000485,0.06459999999999999
gru,16,47,0.7768,0.7488,0.8027,0.8057,0.7038,-0.0030000000000000027,0.07300000000000006
gru,16,48,0.7825,0.7604,0.8081,0.8057,0.7067,0.0024000000000000687,0.07579999999999998
gru,16,49,0.7801,0.7597,0.811,0.8041,0.7009,0.006900000000000017,0.07920000000000005
gru,16,50,0.7799,0.7562,0.8034,0.8035,0.7043,-9.999999999998899e-05,0.0756
gru,16,51,0.7794,0.767,0.8079,0.8013,0.7029,0.006599999999999939,0.07650000000000001
gru,16,52,0.7876,0.762,0.8068,0.811,0.706,-0.0042000000000000925,0.0816
gru,16,53,0.7827,0.7641,0.8047,0.8107,0.711,-0.006000000000000005,0.07169999999999999
gru,16,54,0.7865,0.7679,0.81,0.8079,0.7122,0.002100000000000102,0.07429999999999992
gru,16,55,0.7824,0.7615,0.8033,0.8095,0.7118,-0.006199999999999983,0.0706
gru,16,56,0.7834,0.762,0.8082,0.8018,0.7075,0.006400000000000072,0.07589999999999997
gru,16,57,0.7856,0.759,0.8102,0.8099,0.7133,0.000300000000000078,0.07229999999999992
gru,16,58,0.7843,0.7718,0.8146,0.8121,0.7114,0.0024999999999999467,0.07289999999999996
gru,16,59,0.787,0.7681,0.8147,0.813,0.7167,0.0017000000000000348,0.07030000000000003
gru,16,60,0.7878,0.7723,0.8104,0.8156,0.7158,-0.005199999999999982,0.07199999999999995
gru,16,61,0.7895,0.7681,0.8108,0.813,0.7146,-0.0021999999999999797,0.07489999999999997
gru,16,62,0.7913,0.771,0.8188,0.816,0.7174,0.0028000000000000247,0.07389999999999997
gru,16,63,0.7924,0.768,0.8147,0.8077,0.7143,0.007000000000000006,0.07809999999999995
gru,16,64,0.7928,0.7704,0.8123,0.811,0.7175,0.0012999999999999678,0.07529999999999992
gru,16,65,0.7937,0.7739,0.8148,0.815,0.718,-0.00019999999999997797,0.07569999999999999
gru,16,66,0.789,0.7693,0.814,0.8169,0.7159,-0.0029000000000000137,0.07310000000000005
gru,16,67,0.7983,0.7768,0.8176,0.8098,0.7205,0.007800000000000029,0.07779999999999998
gru,16,68,0.7962,0.7738,0.8188,0.8198,0.7201,-0.0010000000000000009,0.07610000000000006
gru,16,69,0.7948,0.7707,0.8153,0.8175,0.7169,-0.0021999999999999797,0.07789999999999997
gru,16,70,0.7963,0.7769,0.8153,0.817,0.7229,-0.0016999999999999238,0.07340000000000002
gru,16,71,0.7956,0.7744,0.8157,0.8179,0.7166,-0.0021999999999999797,0.07899999999999996
gru,16,72,0.7946,0.776,0.8188,0.8157,0.7254,0.0030999999999999917,0.06919999999999993
gru,16,73,0.7972,0.7741,0.8182,0.8198,0.7227,-0.0015999999999999348,0.07450000000000001
gru,16,74,0.8007,0.7766,0.824,0.8197,0.7229,0.0042999999999999705,0.07779999999999998
gru,16,75,0.799,0.7775,0.8207,0.8172,0.724,0.0034999999999999476,0.07500000000000007
gru,16,76,0.801,0.7782,0.8212,0.8213,0.7222,-9.999999999998899e-05,0.07880000000000009
gru,16,77,0.8017,0.7762,0.8217,0.8236,0.7275,-0.0019000000000000128,0.07419999999999993
gru,16,78,0.8014,0.7765,0.8211,0.8208,0.7253,0.000300000000000078,0.07610000000000006
gru,16,79,0.8001,0.775,0.8173,0.8221,0.7248,-0.0048000000000000265,0.07530000000000003
gru,16,80,0.8011,0.7788,0.8204,0.8229,0.7257,-0.0024999999999999467,0.07540000000000002
gru,16,81,0.8019,0.7795,0.8265,0.8188,0.7219,0.00770000000000004,0.07999999999999996
gru,16,82,0.8061,0.782,0.827,0.8246,0.7272,0.0023999999999999577,0.07890000000000008
gru,16,83,0.8048,0.7803,0.825,0.8251,0.7245,-9.999999999998899e-05,0.08029999999999993
gru,16,84,0.8036,0.783,0.8265,0.8264,0.7243,9.999999999998899e-05,0.07929999999999993
gru,16,85,0.7998,0.7786,0.8264,0.8263,0.7282,9.999999999998899e-05,0.0716
gru,16,86,0.804,0.7795,0.827,0.8211,0.7276,0.005899999999999905,0.07640000000000002
gru,16,87,0.8037,0.7821,0.8253,0.8256,0.7274,-0.00029999999999996696,0.07629999999999992
gru,16,88,0.8053,0.7824,0.8279,0.8247,0.7285,0.0031999999999999806,0.07679999999999998
gru,16,89,0.8054,0.7828,0.8267,0.8259,0.7258,0.0008000000000000229,0.0796
gru,16,90,0.8081,0.7818,0.8247,0.8291,0.7274,-0.0043999999999999595,0.0807
gru,16,91,0.8061,0.7837,0.8273,0.8283,0.7284,-0.0010000000000000009,0.07769999999999999
gru,16,92,0.8059,0.7819,0.8249,0.8264,0.729,-0.0015000000000000568,0.07689999999999997
gru,16,93,0.807,0.7836,0.8258,0.825,0.727,0.0008000000000000229,0.08000000000000007
gru,16,94,0.8064,0.7836,0.8267,0.8258,0.7278,0.0009000000000000119,0.0786
gru,16,95,0.8079,0.7829,0.8272,0.8265,0.7291,0.0007000000000000339,0.07879999999999998
gru,16,96,0.806,0.7842,0.8279,0.826,0.7276,0.0019000000000000128,0.07840000000000003
gru,16,97,0.8054,0.7833,0.8286,0.8261,0.727,0.0025000000000000577,0.07840000000000003
gru,16,98,0.8063,0.7833,0.8281,0.8263,0.7277,0.0017999999999999128,0.0786
gru,16,99,0.8061,0.7832,0.8283,0.8261,0.728,0.0022000000000000908,0.07810000000000006
gru,16,100,0.8061,0.7832,0.8283,0.8261,0.728,0.0022000000000000908,0.07810000000000006
gru,32,1,0.2766,0.2951,0.2929,0.2852,0.2814,0.007699999999999985,-0.004799999999999971
gru,32,2,0.3481,0.3589,0.3768,0.3526,0.3308,0.0242,0.017300000000000038
gru,32,3,0.3961,0.419,0.4515,0.4481,0.3945,0.003400000000000014,0.0015999999999999903
gru,32,4,0.4518,0.4239,0.508,0.483,0.4123,0.025000000000000022,0.03949999999999998
gru,32,5,0.4946,0.4521,0.511,0.5203,0.4469,-0.009299999999999975,0.047699999999999965
gru,32,6,0.5251,0.5139,0.5852,0.5487,0.4921,0.03650000000000009,0.03300000000000003
gru,32,7,0.5564,0.5321,0.5952,0.5723,0.5002,0.02289999999999992,0.05620000000000003
gru,32,8,0.5606,0.5443,0.6206,0.5891,0.525,0.031500000000000083,0.035599999999999965
gru,32,9,0.5974,0.5722,0.6376,0.6125,0.5325,0.0250999999999999,0.06490000000000007
gru,32,10,0.5945,0.5726,0.6558,0.6076,0.5345,0.04820000000000002,0.06000000000000005
gru,32,11,0.6151,0.5921,0.6719,0.6318,0.5481,0.040100000000000025,0.06699999999999995
gru,32,12,0.632,0.593,0.6678,0.6377,0.5564,0.030099999999999905,0.0756
gru,32,13,0.6317,0.6012,0.6826,0.6429,0.5553,0.03969999999999996,0.07640000000000002
gru,32,14,0.6337,0.6161,0.702,0.6592,0.5606,0.04279999999999995,0.07310000000000005
gru,32,15,0.6489,0.6191,0.6945,0.6608,0.5674,0.03369999999999995,0.08150000000000002
gru,32,16,0.6528,0.6159,0.7049,0.6557,0.5668,0.04920000000000002,0.08600000000000008
gru,32,17,0.6474,0.6337,0.7015,0.6587,0.5774,0.04280000000000006,0.06999999999999995
gru,32,18,0.6529,0.6279,0.719,0.6741,0.5714,0.04489999999999994,0.08150000000000002
gru,32,19,0.6574,0.6361,0.7158,0.676,0.5772,0.03979999999999995,0.08019999999999994
gru,32,20,0.6546,0.6404,0.7233,0.6658,0.5868,0.05750000000000011,0.06779999999999997
gru,32,21,0.6764,0.646,0.7326,0.6943,0.5815,0.0383,0.09489999999999998
gru,32,22,0.6658,0.6445,0.7266,0.6924,0.5858,0.03420000000000001,0.07999999999999996
gru,32,23,0.6761,0.6538,0.7358,0.6963,0.5843,0.03949999999999998,0.09179999999999999
gru,32,24,0.6684,0.6521,0.733,0.6933,0.5886,0.03969999999999996,0.07979999999999998
gru,32,25,0.6728,0.6424,0.7347,0.7059,0.587,0.028800000000000048,0.08579999999999999
gru,32,26,0.6796,0.6429,0.7298,0.7007,0.5989,0.029100000000000015,0.0807
gru,32,27,0.6708,0.6508,0.7356,0.7031,0.5879,0.032500000000000084,0.08289999999999997
gru,32,28,0.6776,0.6595,0.7425,0.7129,0.5907,0.02960000000000007,0.08689999999999998
gru,32,29,0.6757,0.6556,0.7396,0.7057,0.5984,0.03390000000000004,0.07729999999999992
gru,32,30,0.6859,0.6654,0.7596,0.7162,0.6001,0.043400000000000105,0.08579999999999999
gru,32,31,0.6793,0.6672,0.7488,0.7076,0.5866,0.041200000000000014,0.0927
gru,32,32,0.6899,0.6701,0.7527,0.7191,0.5977,0.033600000000000074,0.09219999999999995
gru,32,33,0.689,0.6737,0.7559,0.7213,0.6008,0.034599999999999964,0.08819999999999995
gru,32,34,0.6953,0.6793,0.7534,0.724,0.6025,0.02939999999999998,0.0928
gru,32,35,0.6946,0.6778,0.7571,0.7218,0.607,0.0353,0.08760000000000001
gru,32,36,0.6941,0.6647,0.7413,0.7209,0.6015,0.020399999999999974,0.09260000000000002
gru,32,37,0.6932,0.673,0.7598,0.7226,0.6123,0.03720000000000001,0.08090000000000008
gru,32,38,0.6929,0.6786,0.761,0.7206,0.6086,0.04039999999999999,0.08429999999999993
gru,32,39,0.69,0.6752,0.7581,0.7256,0.5925,0.03249999999999997,0.09749999999999992
gru,32,40,0.7014,0.6882,0.7586,0.7314,0.6165,0.027200000000000002,0.08489999999999998
gru,32,41,0.6937,0.6907,0.7641,0.7216,0.6182,0.04249999999999998,0.07550000000000001
gru,32,42,0.7013,0.6782,0.7594,0.7323,0.6121,0.027100000000000013,0.08920000000000006
gru,32,43,0.6884,0.6818,0.7643,0.7197,0.6104,0.04459999999999997,0.07799999999999996
gru,32,44,0.7032,0.6855,0.7672,0.7329,0.6133,0.0343,0.08990000000000009
gru,32,45,0.7125,0.6846,0.7635,0.7303,0.6207,0.03320000000000001,0.09179999999999999
gru,32,46,0.7072,0.6952,0.7723,0.7378,0.617,0.034499999999999975,0.09020000000000006
gru,32,47,0.7093,0.6922,0.7718,0.7401,0.6151,0.03170000000000006,0.09420000000000006
gru,32,48,0.7059,0.6869,0.7762,0.7321,0.6173,0.04410000000000003,0.08860000000000001
gru,32,49,0.7067,0.6949,0.7746,0.7299,0.6119,0.04469999999999996,0.0948
gru,32,50,0.7014,0.6903,0.7777,0.7388,0.614,0.038899999999999935,0.08740000000000003
gru,32,51,0.7079,0.6853,0.7817,0.743,0.6122,0.03869999999999996,0.09570000000000001
gru,32,52,0.7179,0.6923,0.7823,0.7457,0.6178,0.036599999999999966,0.10009999999999997
gru,32,53,0.7153,0.6934,0.7799,0.7343,0.6177,0.045600000000000085,0.09760000000000002
gru,32,54,0.7144,0.6944,0.7821,0.7404,0.6162,0.04170000000000007,0.09820000000000007
gru,32,55,0.7151,0.7005,0.7758,0.7405,0.6168,0.0353,0.09829999999999994
gru,32,56,0.7111,0.6967,0.7786,0.7346,0.6115,0.04399999999999993,0.09959999999999991
gru,32,57,0.72,0.6954,0.7823,0.7472,0.6119,0.03510000000000002,0.10809999999999997
gru,32,58,0.7149,0.7004,0.7803,0.7364,0.6162,0.04389999999999994,0.09870000000000001
gru,32,59,0.7149,0.6987,0.7838,0.7457,0.6184,0.03810000000000002,0.09650000000000003
gru,32,60,0.7137,0.7016,0.7802,0.7464,0.6238,0.03380000000000005,0.08989999999999998
gru,32,61,0.7229,0.7012,0.7842,0.75,0.6241,0.03420000000000001,0.0988
gru,32,62,0.7241,0.7009,0.7806,0.7475,0.6245,0.03309999999999991,0.09959999999999991
gru,32,63,0.7284,0.6999,0.782,0.7475,0.6243,0.034499999999999975,0.10410000000000008
gru,32,64,0.7222,0.6934,0.7833,0.7444,0.6186,0.038900000000000046,0.10359999999999991
gru,32,65,0.7246,0.6992,0.7849,0.7495,0.6276,0.03539999999999999,0.09699999999999998
gru,32,66,0.7268,0.7011,0.7836,0.7466,0.6228,0.03699999999999992,0.10399999999999998
gru,32,67,0.7298,0.7012,0.7866,0.755,0.6258,0.03159999999999996,0.10399999999999998
gru,32,68,0.7277,0.7007,0.7856,0.7496,0.6213,0.03599999999999992,0.10640000000000005
gru,32,69,0.7269,0.7004,0.7893,0.7542,0.6211,0.03510000000000002,0.1058
gru,32,70,0.7283,0.7006,0.7826,0.7511,0.6236,0.03149999999999997,0.1046999999999999
gru,32,71,0.7244,0.7022,0.7848,0.7534,0.6243,0.031400000000000095,0.10010000000000008
gru,32,72,0.7287,0.7028,0.7911,0.7535,0.6266,0.03760000000000008,0.10209999999999997
gru,32,73,0.7292,0.7108,0.7888,0.7541,0.6273,0.03469999999999995,0.10189999999999999
gru,32,74,0.7331,0.7051,0.7927,0.7534,0.6242,0.0393,0.1089
gru,32,75,0.7268,0.7063,0.792,0.7522,0.6252,0.03980000000000006,0.10160000000000002
gru,32,76,0.733,0.7072,0.7925,0.7538,0.6239,0.03869999999999996,0.10909999999999997
gru,32,77,0.7336,0.708,0.7927,0.7551,0.6236,0.03759999999999997,0.10999999999999999
gru,32,78,0.7286,0.7097,0.7895,0.7576,0.6267,0.03189999999999993,0.10189999999999999
gru,32,79,0.7313,0.7085,0.7942,0.7574,0.6254,0.036800000000000055,0.1059
gru,32,80,0.7291,0.7088,0.7882,0.7529,0.6227,0.0353,0.10639999999999994
gru,32,81,0.731,0.7062,0.791,0.7525,0.6248,0.03850000000000009,0.10619999999999996
gru,32,82,0.7299,0.7065,0.7953,0.7585,0.628,0.036800000000000055,0.10189999999999999
gru,32,83,0.7331,0.7086,0.7953,0.757,0.6262,0.0383,0.1069
gru,32,84,0.733,0.7055,0.7925,0.7569,0.6256,0.035599999999999965,0.10739999999999994
gru,32,85,0.7342,0.7108,0.7948,0.757,0.6287,0.037799999999999945,0.10549999999999993
gru,32,86,0.7323,0.7104,0.7944,0.7588,0.6251,0.035599999999999965,0.10719999999999996
gru,32,87,0.7336,0.7102,0.7971,0.7584,0.6272,0.03870000000000007,0.10640000000000005
gru,32,88,0.7338,0.7107,0.7969,0.7592,0.628,0.03770000000000007,0.1058
gru,32,89,0.7334,0.7114,0.7955,0.7615,0.6288,0.03400000000000003,0.10460000000000003
gru,32,90,0.7335,0.7104,0.7949,0.7591,0.6282,0.035800000000000054,0.10530000000000006
gru,32,91,0.7333,0.7106,0.7936,0.7594,0.6303,0.03420000000000001,0.10299999999999998
gru,32,92,0.7344,0.7126,0.7953,0.7586,0.6267,0.036699999999999955,0.10770000000000002
gru,32,93,0.7349,0.7117,0.7961,0.7598,0.6282,0.0363,0.10670000000000002
gru,32,94,0.7332,0.7118,0.7961,0.7592,0.6281,0.036900000000000044,0.10509999999999997
gru,32,95,0.7359,0.7119,0.7961,0.7595,0.631,0.03660000000000008,0.1049
gru,32,96,0.7336,0.7119,0.7958,0.7599,0.6278,0.03589999999999993,0.1058
gru,32,97,0.734,0.7126,0.7963,0.7599,0.6284,0.03639999999999999,0.10560000000000003
gru,32,98,0.7346,0.712,0.7964,0.7598,0.6288,0.036599999999999966,0.1058
gru,32,99,0.7342,0.712,0.7962,0.7597,0.6288,0.03649999999999998,0.10539999999999994
gru,32,100,0.7342,0.712,0.7962,0.7597,0.6288,0.03649999999999998,0.10539999999999994
mamba,8,1,0.3512,0.3427,0.3601,0.3589,0.319,0.0011999999999999789,0.032200000000000006
mamba,8,2,0.4392,0.4338,0.4666,0.463,0.4073,0.003599999999999992,0.031899999999999984
mamba,8,3,0.5019,0.4916,0.5361,0.5317,0.4499,0.0044000000000000705,0.05199999999999999
mamba,8,4,0.5509,0.5407,0.5902,0.5967,0.4943,-0.006500000000000061,0.05659999999999993
mamba,8,5,0.5746,0.5645,0.5988,0.6,0.5143,-0.0011999999999999789,0.06030000000000002
mamba,8,6,0.6169,0.6173,0.6425,0.6526,0.5457,-0.010099999999999998,0.07120000000000004
mamba,8,7,0.6386,0.6371,0.6639,0.6769,0.5816,-0.0129999999999999,0.05699999999999994
mamba,8,8,0.6506,0.6492,0.679,0.6827,0.5808,-0.0036999999999999256,0.06979999999999997
mamba,8,9,0.6508,0.6647,0.6923,0.6916,0.5963,0.0007000000000000339,0.05449999999999999
mamba,8,10,0.6674,0.6712,0.7012,0.6933,0.6059,0.007900000000000018,0.0615
mamba,8,11,0.673,0.6849,0.7146,0.7113,0.6328,0.0032999999999999696,0.040200000000000014
mamba,8,12,0.6847,0.6844,0.7194,0.7138,0.6331,0.005600000000000049,0.05159999999999998
mamba,8,13,0.6864,0.6837,0.7261,0.7159,0.6396,0.010199999999999987,0.046800000000000064
mamba,8,14,0.6955,0.698,0.7333,0.7319,0.6562,0.0013999999999999568,0.0393
mamba,8,15,0.7043,0.7028,0.7432,0.7397,0.6502,0.0034999999999999476,0.05410000000000004
mamba,8,16,0.7018,0.709,0.7414,0.7396,0.6593,0.0017999999999999128,0.04249999999999998
mamba,8,17,0.7135,0.7127,0.7493,0.743,0.664,0.006299999999999972,0.04949999999999999
mamba,8,18,0.716,0.7157,0.7542,0.7519,0.6643,0.0022999999999999687,0.05169999999999997
mamba,8,19,0.7148,0.7173,0.761,0.756,0.6666,0.0050000000000000044,0.04820000000000002
mamba,8,20,0.7232,0.7169,0.7557,0.7553,0.6746,0.00040000000000006697,0.04859999999999998
mamba,8,21,0.7203,0.7186,0.7578,0.7584,0.6735,-0.0005999999999999339,0.046800000000000064
mamba,8,22,0.7297,0.7241,0.7604,0.7588,0.672,0.0015999999999999348,0.057699999999999974
mamba,8,23,0.7335,0.7304,0.7615,0.7707,0.6788,-0.009200000000000097,0.05470000000000008
mamba,8,24,0.7352,0.7316,0.7715,0.7694,0.6819,0.0020999999999999908,0.053300000000000014
mamba,8,25,0.7365,0.7262,0.7711,0.7702,0.6831,0.0009000000000000119,0.0534
mamba,8,26,0.7311,0.7359,0.7667,0.7725,0.6827,-0.005799999999999916,0.0484
mamba,8,27,0.7337,0.7287,0.7635,0.7607,0.6812,0.0027999999999999137,0.05249999999999999
mamba,8,28,0.7414,0.7436,0.7777,0.7737,0.6852,0.0039999999999998925,0.05619999999999992
mamba,8,29,0.7469,0.7425,0.7788,0.7764,0.6923,0.0024000000000000687,0.05459999999999998
mamba,8,30,0.7425,0.7406,0.7873,0.776,0.6918,0.011299999999999977,0.05070000000000008
mamba,8,31,0.7493,0.7343,0.7729,0.7749,0.6974,-0.0020000000000000018,0.051899999999999946
mamba,8,32,0.7477,0.7484,0.7841,0.7742,0.7029,0.00990000000000002,0.04480000000000006
mamba,8,33,0.746,0.7541,0.7815,0.7816,0.702,-9.999999999998899e-05,0.04400000000000004
mamba,8,34,0.7541,0.7485,0.784,0.7756,0.7031,0.008400000000000074,0.051000000000000045
mamba,8,35,0.7608,0.7537,0.7784,0.7896,0.7073,-0.011199999999999988,0.05349999999999999
mamba,8,36,0.7585,0.752,0.7877,0.7871,0.7008,0.0005999999999999339,0.057699999999999974
mamba,8,37,0.7477,0.7588,0.7915,0.7883,0.7048,0.0031999999999999806,0.04290000000000005
mamba,8,38,0.7582,0.7525,0.7903,0.7915,0.706,-0.0011999999999999789,0.052200000000000024
mamba,8,39,0.7592,0.7482,0.7898,0.7646,0.7082,0.0252,0.050999999999999934
mamba,8,40,0.7694,0.7561,0.7948,0.7914,0.7158,0.0033999999999999586,0.05359999999999998
mamba,8,41,0.7653,0.7593,0.7867,0.7905,0.71,-0.0038000000000000256,0.055300000000000016
mamba,8,42,0.7653,0.7496,0.7916,0.7841,0.7114,0.007499999999999951,0.05389999999999995
mamba,8,43,0.7614,0.7574,0.7934,0.7885,0.7045,0.0049000000000000155,0.05689999999999995
mamba,8,44,0.7685,0.759,0.8022,0.7942,0.7163,0.008000000000000007,0.05219999999999991
mamba,8,45,0.7706,0.7591,0.7991,0.7917,0.7207,0.007400000000000073,0.049899999999999944
mamba,8,46,0.7722,0.7646,0.8003,0.7953,0.7161,0.0050000000000000044,0.05610000000000004
mamba,8,47,0.779,0.7688,0.8038,0.7982,0.7166,0.005599999999999938,0.06240000000000001
mamba,8,48,0.7725,0.7678,0.7941,0.7979,0.7196,-0.0038000000000000256,0.05289999999999995
mamba,8,49,0.7726,0.7673,0.8035,0.7991,0.7204,0.0043999999999999595,0.05219999999999991
mamba,8,50,0.779,0.7645,0.802,0.7972,0.7195,0.0048000000000000265,0.0595
mamba,8,51,0.7738,0.7724,0.8033,0.7969,0.7161,0.006399999999999961,0.057700000000000085
mamba,8,52,0.7805,0.7728,0.8023,0.7982,0.7226,0.0040999999999999925,0.05789999999999995
mamba,8,53,0.7815,0.7713,0.8041,0.7967,0.7256,0.007400000000000073,0.05589999999999995
mamba,8,54,0.784,0.771,0.8117,0.8036,0.7289,0.008099999999999996,0.05510000000000004
mamba,8,55,0.7831,0.7727,0.8011,0.7942,0.7308,0.006900000000000017,0.05230000000000001
mamba,8,56,0.7837,0.7756,0.8024,0.7974,0.7252,0.0050000000000000044,0.058499999999999996
mamba,8,57,0.7861,0.7767,0.8069,0.8011,0.7306,0.005799999999999916,0.055499999999999994
mamba,8,58,0.7819,0.7739,0.803,0.8032,0.7293,-0.00019999999999997797,0.05260000000000009
mamba,8,59,0.7818,0.7762,0.8044,0.7974,0.7314,0.007000000000000006,0.0504
mamba,8,60,0.7856,0.7761,0.8124,0.8021,0.7344,0.010299999999999976,0.05119999999999991
mamba,8,61,0.7851,0.7752,0.8145,0.8026,0.7307,0.011900000000000022,0.054400000000000004
mamba,8,62,0.7878,0.78,0.8085,0.8033,0.7358,0.005199999999999982,0.051999999999999935
mamba,8,63,0.7882,0.7816,0.8087,0.8052,0.7306,0.0034999999999999476,0.057599999999999985
mamba,8,64,0.7866,0.7818,0.8093,0.8038,0.7364,0.00550000000000006,0.05019999999999991
mamba,8,65,0.7837,0.7832,0.8155,0.807,0.7307,0.008499999999999952,0.052999999999999936
mamba,8,66,0.7924,0.7832,0.8086,0.8063,0.7407,0.0022999999999999687,0.05169999999999997
mamba,8,67,0.7874,0.7863,0.8174,0.8077,0.743,0.009700000000000042,0.044399999999999995
mamba,8,68,0.7936,0.7842,0.8107,0.8029,0.7337,0.007800000000000029,0.05989999999999995
mamba,8,69,0.7887,0.7863,0.8158,0.8018,0.7336,0.014000000000000012,0.05509999999999993
mamba,8,70,0.7914,0.7852,0.8123,0.809,0.7398,0.0032999999999999696,0.05159999999999998
mamba,8,71,0.7921,0.7869,0.814,0.8085,0.739,0.005499999999999949,0.053100000000000036
mamba,8,72,0.7921,0.7855,0.8145,0.8081,0.7387,0.006399999999999961,0.0534
mamba,8,73,0.7929,0.7861,0.8151,0.8079,0.7438,0.007200000000000095,0.04910000000000003
mamba,8,74,0.7901,0.7846,0.8178,0.807,0.7398,0.01079999999999992,0.05030000000000001
mamba,8,75,0.7943,0.7853,0.8177,0.809,0.7404,0.00869999999999993,0.05390000000000006
mamba,8,76,0.7915,0.7898,0.8188,0.8096,0.7451,0.009199999999999986,0.0464
mamba,8,77,0.7931,0.7862,0.8196,0.8125,0.745,0.007099999999999995,0.04810000000000003
mamba,8,78,0.795,0.785,0.8197,0.8122,0.7451,0.007499999999999951,0.049900000000000055
mamba,8,79,0.7949,0.7872,0.8199,0.8111,0.7457,0.008799999999999919,0.04920000000000002
mamba,8,80,0.7941,0.7878,0.819,0.8131,0.7487,0.005899999999999905,0.045399999999999996
mamba,8,81,0.7935,0.7893,0.8186,0.8104,0.7444,0.008199999999999985,0.04910000000000003
mamba,8,82,0.7968,0.7888,0.818,0.8092,0.7493,0.008799999999999919,0.04749999999999999
mamba,8,83,0.7962,0.7898,0.8192,0.8107,0.7478,0.008500000000000063,0.0484
mamba,8,84,0.798,0.7892,0.8213,0.8122,0.7478,0.009099999999999997,0.05020000000000002
mamba,8,85,0.7962,0.7896,0.8217,0.8112,0.7452,0.010499999999999954,0.051000000000000045
mamba,8,86,0.7973,0.7881,0.8214,0.8123,0.7491,0.009099999999999997,0.04820000000000002
mamba,8,87,0.7985,0.791,0.8213,0.8132,0.7486,0.008099999999999996,0.049899999999999944
mamba,8,88,0.7968,0.7914,0.8212,0.8123,0.7473,0.008900000000000019,0.04949999999999999
mamba,8,89,0.7981,0.7908,0.8207,0.8115,0.7494,0.009199999999999986,0.04870000000000008
mamba,8,90,0.7998,0.7917,0.822,0.8118,0.7493,0.010199999999999987,0.05049999999999999
mamba,8,91,0.7983,0.7896,0.8224,0.8105,0.7504,0.011900000000000022,0.047900000000000054
mamba,8,92,0.7978,0.7894,0.8209,0.8122,0.7494,0.00869999999999993,0.0484
mamba,8,93,0.7987,0.7894,0.8223,0.8124,0.7504,0.00990000000000002,0.04830000000000001
mamba,8,94,0.799,0.7917,0.8217,0.8125,0.7496,0.009199999999999986,0.0494
mamba,8,95,0.7995,0.7903,0.8214,0.8111,0.7509,0.010299999999999976,0.04859999999999998
mamba,8,96,0.799,0.791,0.8217,0.8119,0.7502,0.009800000000000031,0.048800000000000066
mamba,8,97,0.7992,0.7908,0.8227,0.8122,0.751,0.010499999999999954,0.04820000000000002
mamba,8,98,0.799,0.7904,0.8226,0.8128,0.7512,0.009800000000000031,0.047800000000000065
mamba,8,99,0.7989,0.7904,0.8222,0.8129,0.751,0.009300000000000086,0.047900000000000054
mamba,8,100,0.7989,0.7904,0.8222,0.8129,0.751,0.009300000000000086,0.047900000000000054
mamba,16,1,0.346,0.3263,0.3552,0.3658,0.3087,-0.010599999999999998,0.0373
mamba,16,2,0.449,0.4251,0.4748,0.4587,0.3924,0.016100000000000003,0.056599999999999984
mamba,16,3,0.5003,0.5043,0.5452,0.5413,0.4596,0.0039000000000000146,0.04069999999999996
mamba,16,4,0.5692,0.5715,0.6007,0.613,0.4887,-0.012299999999999978,0.08050000000000002
mamba,16,5,0.5891,0.5805,0.6091,0.6265,0.5251,-0.01739999999999997,0.06399999999999995
mamba,16,6,0.6294,0.6168,0.6516,0.6615,0.5461,-0.00990000000000002,0.08329999999999993
mamba,16,7,0.6606,0.6468,0.677,0.686,0.5779,-0.009000000000000008,0.0827
mamba,16,8,0.6664,0.6528,0.6945,0.6972,0.5906,-0.0027000000000000357,0.07579999999999998
mamba,16,9,0.683,0.6633,0.7108,0.7028,0.5951,0.008000000000000007,0.08790000000000009
mamba,16,10,0.6722,0.6682,0.715,0.7078,0.6043,0.007199999999999984,0.06790000000000007
mamba,16,11,0.6971,0.6828,0.7294,0.7314,0.6164,-0.0020000000000000018,0.0807000000000001
mamba,16,12,0.7049,0.6992,0.7403,0.7382,0.6224,0.0020999999999999908,0.08250000000000002
mamba,16,13,0.7004,0.6993,0.7354,0.7426,0.6234,-0.007199999999999984,0.07700000000000007
mamba,16,14,0.7113,0.7047,0.7471,0.7481,0.6366,-0.0010000000000000009,0.07469999999999999
mamba,16,15,0.7176,0.7077,0.7537,0.7511,0.6381,0.0026000000000000467,0.07950000000000002
mamba,16,16,0.718,0.7141,0.7483,0.748,0.6422,0.00029999999999996696,0.07579999999999998
mamba,16,17,0.726,0.7222,0.7639,0.7592,0.6535,0.0047000000000000375,0.07250000000000001
mamba,16,18,0.7282,0.7216,0.7603,0.7621,0.6566,-0.0018000000000000238,0.0716
mamba,16,19,0.7341,0.718,0.7618,0.7575,0.6487,0.0043000000000000815,0.08539999999999992
mamba,16,20,0.7334,0.7241,0.7726,0.7729,0.6602,-0.000300000000000078,0.07320000000000004
mamba,16,21,0.7425,0.7331,0.77,0.7655,0.6714,0.0045000000000000595,0.07110000000000005
mamba,16,22,0.7409,0.7252,0.7641,0.766,0.6698,-0.0019000000000000128,0.07110000000000005
mamba,16,23,0.7396,0.7379,0.7802,0.7805,0.6689,-0.00029999999999996696,0.07069999999999999
mamba,16,24,0.7447,0.7321,0.7806,0.775,0.6698,0.005599999999999938,0.07490000000000008
mamba,16,25,0.7522,0.7357,0.7774,0.7737,0.671,0.0036999999999999256,0.08119999999999994
mamba,16,26,0.7475,0.738,0.7798,0.7789,0.6667,0.0009000000000000119,0.0808000000000001
mamba,16,27,0.7421,0.7451,0.7753,0.7652,0.6715,0.010099999999999998,0.0706
mamba,16,28,0.756,0.7491,0.7873,0.7828,0.6866,0.0044999999999999485,0.06940000000000002
mamba,16,29,0.7543,0.7415,0.7808,0.789,0.6747,-0.008199999999999985,0.0796
mamba,16,30,0.7613,0.7454,0.7904,0.7861,0.6809,0.0042999999999999705,0.08040000000000003
mamba,16,31,0.7558,0.7428,0.7891,0.7817,0.6855,0.007400000000000073,0.07030000000000003
mamba,16,32,0.7539,0.7552,0.7882,0.7802,0.6902,0.008000000000000007,0.06369999999999998
mamba,16,33,0.7658,0.7508,0.7883,0.793,0.6864,-0.0047000000000000375,0.07940000000000003
mamba,16,34,0.7647,0.7552,0.7919,0.787,0.6897,0.0049000000000000155,0.07500000000000007
mamba,16,35,0.7699,0.7511,0.7939,0.7961,0.691,-0.0021999999999999797,0.07890000000000008
mamba,16,36,0.7721,0.7589,0.7905,0.7936,0.6833,-0.0030999999999999917,0.08879999999999999
mamba,16,37,0.7655,0.7603,0.7974,0.7966,0.6961,0.0008000000000000229,0.0693999999999999
mamba,16,38,0.7726,0.7627,0.7981,0.794,0.6921,0.0040999999999999925,0.0804999999999999
mamba,16,39,0.7687,0.7498,0.7932,0.7928,0.6951,0.00040000000000006697,0.0736
mamba,16,40,0.7636,0.7664,0.7959,0.7975,0.7003,-0.0015999999999999348,0.06329999999999991
mamba,16,41,0.7695,0.7654,0.7992,0.7956,0.6991,0.0036000000000000476,0.07039999999999991
mamba,16,42,0.7754,0.7538,0.8031,0.7944,0.6905,0.008700000000000041,0.08489999999999998
mamba,16,43,0.7662,0.7658,0.7988,0.7948,0.7016,0.0040000000000000036,0.06459999999999999
mamba,16,44,0.7727,0.7582,0.7976,0.7924,0.6976,0.005199999999999982,0.07510000000000006
mamba,16,45,0.7759,0.7683,0.803,0.8048,0.7032,-0.0017999999999999128,0.07269999999999999
mamba,16,46,0.7825,0.7691,0.8035,0.8048,0.6986,-0.0012999999999999678,0.08389999999999997
mamba,16,47,0.7789,0.7662,0.8069,0.8015,0.7073,0.00539999999999996,0.0716
mamba,16,48,0.7828,0.7679,0.8071,0.8002,0.712,0.006900000000000017,0.07080000000000009
mamba,16,49,0.7863,0.7719,0.8026,0.8093,0.7083,-0.006700000000000039,0.07799999999999996
mamba,16,50,0.7807,0.7702,0.8016,0.8011,0.7032,0.0004999999999999449,0.0774999999999999
mamba,16,51,0.7827,0.7737,0.8046,0.799,0.7006,0.005599999999999938,0.08209999999999995
mamba,16,52,0.7872,0.7775,0.8114,0.8117,0.7064,-0.00029999999999996696,0.08079999999999998
mamba,16,53,0.7881,0.7767,0.8084,0.8027,0.7122,0.005700000000000038,0.07589999999999997
mamba,16,54,0.7862,0.7798,0.8119,0.8076,0.7141,0.0042999999999999705,0.07210000000000005
mamba,16,55,0.784,0.7736,0.8033,0.8075,0.7095,-0.0041999999999999815,0.07450000000000001
mamba,16,56,0.7888,0.7757,0.8122,0.8029,0.7105,0.009300000000000086,0.07829999999999993
mamba,16,57,0.7882,0.7778,0.8079,0.8105,0.7143,-0.0026000000000000467,0.07389999999999997
mamba,16,58,0.7879,0.7831,0.8086,0.8014,0.716,0.007199999999999984,0.07190000000000007
mamba,16,59,0.7889,0.7764,0.8077,0.8091,0.7105,-0.0014000000000000679,0.07840000000000003
mamba,16,60,0.7906,0.7821,0.8127,0.8096,0.7157,0.0030999999999999917,0.07489999999999997
mamba,16,61,0.7872,0.7817,0.8164,0.8117,0.7197,0.0047000000000000375,0.0675
mamba,16,62,0.7927,0.7836,0.8128,0.8105,0.7248,0.0022999999999999687,0.06789999999999996
mamba,16,63,0.7889,0.7823,0.8124,0.8124,0.7219,0.0,0.06700000000000006
mamba,16,64,0.795,0.7895,0.8192,0.8164,0.7194,0.0028000000000000247,0.0756
mamba,16,65,0.7963,0.7905,0.818,0.8109,0.7193,0.007099999999999995,0.07699999999999996
mamba,16,66,0.7921,0.7862,0.8192,0.8176,0.72,0.0016000000000000458,0.07210000000000005
mamba,16,67,0.7958,0.7893,0.8198,0.8103,0.7247,0.009499999999999953,0.07109999999999994
mamba,16,68,0.7954,0.7885,0.8151,0.813,0.718,0.002100000000000102,0.07740000000000002
mamba,16,69,0.7983,0.7897,0.8175,0.8135,0.7218,0.0040000000000000036,0.07650000000000001
mamba,16,70,0.7984,0.7896,0.8157,0.8146,0.7207,0.0010999999999999899,0.07769999999999999
mamba,16,71,0.7937,0.7918,0.8178,0.8113,0.7267,0.00649999999999995,0.06699999999999995
mamba,16,72,0.7974,0.7915,0.8186,0.8189,0.7241,-0.00029999999999996696,0.07330000000000003
mamba,16,73,0.8004,0.792,0.8189,0.8197,0.728,-0.0008000000000000229,0.07240000000000002
mamba,16,74,0.7969,0.788,0.8201,0.818,0.7267,0.002100000000000102,0.07020000000000004
mamba,16,75,0.7999,0.7929,0.8194,0.816,0.7261,0.0034000000000000696,0.07380000000000009
mamba,16,76,0.7998,0.7939,0.8208,0.8197,0.7278,0.0010999999999999899,0.07199999999999995
mamba,16,77,0.7985,0.7937,0.8191,0.8151,0.7314,0.0040000000000000036,0.06709999999999994
mamba,16,78,0.7952,0.7923,0.8175,0.8155,0.7262,0.0020000000000000018,0.06900000000000006
mamba,16,79,0.8006,0.7945,0.8191,0.8179,0.7283,0.0012000000000000899,0.07230000000000003
mamba,16,80,0.8015,0.798,0.8218,0.816,0.7282,0.005800000000000027,0.07330000000000003
mamba,16,81,0.7999,0.7976,0.8239,0.8173,0.7278,0.006599999999999939,0.07210000000000005
mamba,16,82,0.8007,0.7938,0.8236,0.8192,0.7267,0.0043999999999999595,0.07399999999999995
mamba,16,83,0.8023,0.7968,0.8218,0.8157,0.73,0.006099999999999994,0.07230000000000003
mamba,16,84,0.8025,0.7968,0.8235,0.8186,0.7306,0.0049000000000000155,0.07189999999999996
mamba,16,85,0.804,0.7952,0.8233,0.8166,0.7292,0.006700000000000039,0.07480000000000009
mamba,16,86,0.8017,0.796,0.8213,0.8193,0.7305,0.0020000000000000018,0.07119999999999993
mamba,16,87,0.8059,0.7996,0.8238,0.8182,0.7282,0.005599999999999938,0.07769999999999999
mamba,16,88,0.8028,0.7999,0.8223,0.8176,0.7312,0.0047000000000000375,0.0716
mamba,16,89,0.8022,0.7984,0.8257,0.818,0.7299,0.00770000000000004,0.07230000000000003
mamba,16,90,0.8021,0.7985,0.821,0.8185,0.7312,0.0024999999999999467,0.07090000000000007
mamba,16,91,0.8024,0.7995,0.8243,0.82,0.7315,0.0043000000000000815,0.07089999999999996
mamba,16,92,0.8043,0.8008,0.8237,0.8192,0.7323,0.0044999999999999485,0.07200000000000006
mamba,16,93,0.8031,0.7988,0.8252,0.8205,0.732,0.0047000000000000375,0.07110000000000005
mamba,16,94,0.804,0.8011,0.8247,0.8195,0.7324,0.005199999999999982,0.0716
mamba,16,95,0.8032,0.8,0.8244,0.8188,0.7325,0.005600000000000049,0.07069999999999999
mamba,16,96,0.8032,0.8006,0.8245,0.8184,0.7323,0.006099999999999994,0.07090000000000007
mamba,16,97,0.8044,0.8001,0.8237,0.8185,0.7316,0.005199999999999982,0.07279999999999998
mamba,16,98,0.8048,0.8005,0.8242,0.8185,0.7316,0.005700000000000038,0.07319999999999993
mamba,16,99,0.8045,0.8005,0.8242,0.8188,0.7316,0.005400000000000071,0.07289999999999996
mamba,16,100,0.8045,0.8005,0.8242,0.8188,0.7316,0.005400000000000071,0.07289999999999996
mamba,32,1,0.3179,0.3105,0.3269,0.315,0.2878,0.011900000000000022,0.030100000000000016
mamba,32,2,0.4032,0.3852,0.4276,0.4306,0.327,-0.0030000000000000027,0.07619999999999999
mamba,32,3,0.4796,0.4667,0.522,0.5171,0.3973,0.0049000000000000155,0.08230000000000004
mamba,32,4,0.5229,0.5032,0.5726,0.5575,0.4294,0.015100000000000002,0.09350000000000003
mamba,32,5,0.558,0.5388,0.5815,0.5846,0.4411,-0.0030999999999999917,0.11690000000000006
mamba,32,6,0.5854,0.5614,0.6257,0.6193,0.4786,0.006400000000000072,0.1068
mamba,32,7,0.6096,0.5836,0.6522,0.6396,0.4966,0.012600000000000056,0.11300000000000004
mamba,32,8,0.6179,0.5917,0.6669,0.647,0.5074,0.01990000000000003,0.11050000000000004
mamba,32,9,0.6328,0.6022,0.6699,0.6659,0.5142,0.0040000000000000036,0.11860000000000004
mamba,32,10,0.63,0.6113,0.6866,0.6699,0.5226,0.016699999999999937,0.10740000000000005
mamba,32,11,0.6465,0.6173,0.6941,0.681,0.5438,0.0131,0.10270000000000001
mamba,32,12,0.661,0.6304,0.7061,0.6936,0.5372,0.012499999999999956,0.12380000000000002
mamba,32,13,0.6497,0.6336,0.7094,0.6844,0.5399,0.025000000000000022,0.10980000000000001
mamba,32,14,0.6694,0.649,0.7112,0.6936,0.5525,0.01760000000000006,0.1169
mamba,32,15,0.6549,0.6434,0.713,0.7027,0.5519,0.010299999999999976,0.10300000000000009
mamba,32,16,0.675,0.6558,0.7152,0.7023,0.5579,0.012899999999999912,0.11710000000000009
mamba,32,17,0.6773,0.6528,0.7306,0.7088,0.5605,0.02180000000000004,0.11680000000000001
mamba,32,18,0.6832,0.664,0.7412,0.7061,0.571,0.03510000000000002,0.11220000000000008
mamba,32,19,0.6833,0.6613,0.741,0.7084,0.5586,0.03259999999999996,0.12470000000000003
mamba,32,20,0.6812,0.6631,0.7432,0.7214,0.5748,0.02179999999999993,0.10640000000000005
mamba,32,21,0.6881,0.6552,0.7404,0.7224,0.5739,0.017999999999999905,0.11420000000000008
mamba,32,22,0.6878,0.6752,0.7376,0.7207,0.574,0.016900000000000026,0.11380000000000001
mamba,32,23,0.694,0.6752,0.7548,0.7195,0.5696,0.0353,0.12439999999999996
mamba,32,24,0.6929,0.6788,0.7437,0.7213,0.5711,0.022399999999999975,0.12179999999999991
mamba,32,25,0.6997,0.674,0.7513,0.7231,0.5698,0.028200000000000003,0.12990000000000002
mamba,32,26,0.6834,0.6668,0.7475,0.7215,0.5714,0.026000000000000023,0.11199999999999999
mamba,32,27,0.6911,0.6852,0.7506,0.7169,0.5793,0.03370000000000006,0.11180000000000001
mamba,32,28,0.7042,0.6808,0.7513,0.722,0.5734,0.029299999999999993,0.13080000000000003
mamba,32,29,0.7039,0.6818,0.7609,0.7208,0.5877,0.040100000000000025,0.11619999999999997
mamba,32,30,0.7081,0.6856,0.7659,0.7379,0.5816,0.028000000000000025,0.12649999999999995
mamba,32,31,0.6994,0.6834,0.7539,0.7275,0.5828,0.02639999999999998,0.11660000000000004
mamba,32,32,0.7099,0.6851,0.7702,0.7336,0.59,0.036599999999999966,0.1199
mamba,32,33,0.708,0.6795,0.7686,0.7349,0.5953,0.03369999999999995,0.11269999999999991
mamba,32,34,0.7114,0.6998,0.766,0.7349,0.595,0.031100000000000017,0.11640000000000006
mamba,32,35,0.7165,0.6941,0.7696,0.7336,0.5921,0.03599999999999992,0.12440000000000007
mamba,32,36,0.7026,0.6939,0.7697,0.7303,0.5934,0.0394000000000001,0.10919999999999996
mamba,32,37,0.7079,0.6948,0.7675,0.7386,0.5963,0.028899999999999926,0.11159999999999992
mamba,32,38,0.72,0.6931,0.7766,0.7413,0.5946,0.0353,0.12539999999999996
mamba,32,39,0.7031,0.694,0.7641,0.7339,0.5916,0.030200000000000005,0.11149999999999993
mamba,32,40,0.7168,0.7099,0.7773,0.7385,0.5972,0.038799999999999946,0.11960000000000004
mamba,32,41,0.7167,0.707,0.7728,0.7423,0.5994,0.030500000000000083,0.11729999999999996
mamba,32,42,0.7239,0.6904,0.7763,0.7405,0.6024,0.03579999999999994,0.12149999999999994
mamba,32,43,0.7052,0.7021,0.7707,0.7387,0.5998,0.03200000000000003,0.10540000000000005
mamba,32,44,0.7233,0.7066,0.7758,0.7449,0.6071,0.03090000000000004,0.11620000000000008
mamba,32,45,0.7301,0.7074,0.7781,0.7482,0.6053,0.029900000000000038,0.12480000000000002
mamba,32,46,0.7214,0.7034,0.7825,0.7511,0.6113,0.031399999999999983,0.11010000000000009
mamba,32,47,0.7308,0.7057,0.7746,0.7419,0.6079,0.03269999999999995,0.12290000000000001
mamba,32,48,0.7272,0.7067,0.7776,0.7451,0.6119,0.03249999999999997,0.11529999999999996
mamba,32,49,0.7208,0.7019,0.7776,0.7496,0.6148,0.027999999999999914,0.10599999999999998
mamba,32,50,0.7236,0.7127,0.7797,0.7429,0.6089,0.036799999999999944,0.11470000000000002
mamba,32,51,0.7254,0.71,0.7806,0.7374,0.6081,0.043199999999999905,0.11730000000000007
mamba,32,52,0.731,0.7174,0.7838,0.7466,0.616,0.03720000000000001,0.11499999999999999
mamba,32,53,0.7327,0.7074,0.7841,0.7465,0.6117,0.03759999999999997,0.121
mamba,32,54,0.736,0.7151,0.784,0.7474,0.6167,0.03660000000000008,0.11929999999999996
mamba,32,55,0.7219,0.7112,0.772,0.7448,0.611,0.027200000000000002,0.1109
mamba,32,56,0.7325,0.7118,0.7797,0.7483,0.613,0.031399999999999983,0.11950000000000005
mamba,32,57,0.7329,0.7163,0.7866,0.7548,0.6208,0.03179999999999994,0.11209999999999998
mamba,32,58,0.7354,0.7161,0.7814,0.7448,0.6176,0.036599999999999966,0.11780000000000002
mamba,32,59,0.7362,0.7123,0.7879,0.7515,0.6192,0.0364000000000001,0.11699999999999999
mamba,32,60,0.7349,0.719,0.7863,0.7545,0.6181,0.03180000000000005,0.11680000000000001
mamba,32,61,0.738,0.7171,0.7885,0.7559,0.6145,0.03259999999999996,0.12349999999999994
mamba,32,62,0.7418,0.7233,0.7915,0.7564,0.6149,0.03510000000000002,0.1269
mamba,32,63,0.7355,0.7164,0.7919,0.7509,0.6225,0.041000000000000036,0.11299999999999999
mamba,32,64,0.7411,0.7186,0.7871,0.7548,0.6206,0.032299999999999995,0.12049999999999994
mamba,32,65,0.7409,0.7221,0.7859,0.7534,0.6244,0.032500000000000084,0.11650000000000005
mamba,32,66,0.7418,0.7197,0.7885,0.7536,0.6213,0.03489999999999993,0.12050000000000005
mamba,32,67,0.7391,0.7198,0.784,0.7553,0.6213,0.02870000000000006,0.11780000000000002
mamba,32,68,0.7431,0.7243,0.7873,0.7527,0.6244,0.034599999999999964,0.11870000000000003
mamba,32,69,0.7438,0.7207,0.7901,0.7496,0.6259,0.04049999999999998,0.1179
mamba,32,70,0.7453,0.7199,0.7863,0.7525,0.6286,0.03380000000000005,0.11669999999999991
mamba,32,71,0.7442,0.7213,0.7894,0.7569,0.6266,0.03249999999999997,0.11759999999999993
mamba,32,72,0.7454,0.7224,0.7936,0.7511,0.6269,0.04249999999999998,0.11849999999999994
mamba,32,73,0.7453,0.7209,0.7923,0.7548,0.6253,0.03749999999999998,0.12
mamba,32,74,0.7454,0.7189,0.7903,0.7501,0.6252,0.040200000000000014,0.12019999999999997
mamba,32,75,0.7459,0.7235,0.7905,0.7532,0.6258,0.0373,0.12009999999999998
mamba,32,76,0.7443,0.7236,0.7908,0.7554,0.6232,0.03539999999999999,0.12109999999999999
mamba,32,77,0.7465,0.7254,0.79,0.7524,0.6276,0.03760000000000008,0.1189
mamba,32,78,0.7453,0.7273,0.7921,0.751,0.6258,0.041100000000000025,0.11949999999999994
mamba,32,79,0.7486,0.7243,0.7892,0.755,0.6278,0.03420000000000001,0.12080000000000002
mamba,32,80,0.7488,0.7242,0.7922,0.752,0.6242,0.040200000000000014,0.12460000000000004
mamba,32,81,0.7437,0.725,0.7943,0.7533,0.6284,0.041000000000000036,0.11530000000000007
mamba,32,82,0.7468,0.7257,0.7901,0.7526,0.6263,0.03749999999999998,0.12050000000000005
mamba,32,83,0.7473,0.7273,0.7937,0.7545,0.6265,0.03920000000000001,0.12080000000000002
mamba,32,84,0.7463,0.7248,0.7925,0.7567,0.6286,0.03579999999999994,0.11769999999999992
mamba,32,85,0.7466,0.7254,0.7916,0.7566,0.6274,0.03499999999999992,0.11920000000000008
mamba,32,86,0.7471,0.7277,0.7904,0.7534,0.6275,0.03700000000000003,0.11960000000000004
mamba,32,87,0.7487,0.7262,0.7911,0.7545,0.629,0.03660000000000008,0.11970000000000003
mamba,32,88,0.748,0.7277,0.7927,0.7529,0.6293,0.03979999999999995,0.11870000000000003
mamba,32,89,0.7475,0.7263,0.7947,0.753,0.6281,0.04169999999999996,0.11940000000000006
mamba,32,90,0.7461,0.729,0.794,0.7544,0.6321,0.03960000000000008,0.11399999999999999
mamba,32,91,0.7504,0.7298,0.7955,0.7531,0.63,0.04239999999999999,0.12039999999999995
mamba,32,92,0.7482,0.7275,0.7948,0.7545,0.6306,0.0403,0.11759999999999993
mamba,32,93,0.7492,0.7278,0.7951,0.7525,0.6308,0.04260000000000008,0.11839999999999995
mamba,32,94,0.7482,0.728,0.7934,0.7556,0.6306,0.037799999999999945,0.11759999999999993
mamba,32,95,0.7484,0.7285,0.7928,0.7543,0.6301,0.03849999999999998,0.11829999999999996
mamba,32,96,0.7492,0.7286,0.7944,0.7546,0.6298,0.03979999999999995,0.11939999999999995
mamba,32,97,0.7493,0.7291,0.7946,0.7544,0.6298,0.040200000000000014,0.11949999999999994
mamba,32,98,0.7483,0.7285,0.7946,0.7541,0.6293,0.04049999999999998,0.119
mamba,32,99,0.7486,0.7286,0.7942,0.754,0.6294,0.040200000000000014,0.11920000000000008
mamba,32,100,0.7486,0.7286,0.7942,0.754,0.6294,0.040200000000000014,0.11920000000000008
